name,age,rank
Abd Hazli Bin Zainuddin,28.2,-1
Abdelhak Hameurlaine,34.9,1168
Abdul Mumin Babalola,22.3,736
Abdulhameed Alshatti,18.5,2000
Abdulhamid Mubarak,21.8,-1
Abdulla Hajji,18.0,-1
Abdullah Maqdas,22.5,1161
Abdulrahman Alawadhi,24.0,-1
Abedallah Shelbayh,19.8,229
Adam Chadaj,21.2,236
Adam Hornby,20.9,-1
Adam Jaya,18.6,-1
Adam Kellner,23.2,573
Adam Kennedy,19.9,531
Adam Moundir,26.2,652
Adam Neff,22.6,829
Adam Pavlasek,22.4,128
Adam Thompson,24.2,888
Adam Walton,25.1,113
Adel Al Shatti,28.4,-1
Adelo Abadia,24.4,-1
Aditya Hari Sasongko,25.2,1383
Adolfo Daniel Vallejo,16.0,-1
Adria Soriano Barrera,24.8,549
Adrian Andreev,19.2,477
Adrian Bodmer,22.9,485
Adrian Bohane,22.9,1416
Adrian Cruciat,25.3,172
Adrian Forberg Skogeng,19.9,-1
Adrian Garcia,26.0,185
Adrian Mannarino,29.9,53
Adrian Menendez Maceiras,31.1,144
Adrian Ungur,28.6,166
Adrian Voinea,27.3,89
Adrians Zguns,25.8,654
Adrien Bossel,28.4,361
Agustin Calleri,28.2,52
Agustin Velotti,21.9,325
Ahmad Rabeea Muhammad,20.2,1573
Ainius Sabaliauskas,16.8,1783
Aisam Ul Haq Qureshi,28.7,351
Aissa Benchakroun,17.9,1671
Aivaras Balzekas,18.1,1307
Ajeet Rai,23.1,665
Akash Wagh,16.5,-1
Akira Santillan,19.8,195
Alan Fernando Rubio Fierros,24.9,776
Alan Mackin,23.6,280
Alastair Gray,23.0,570
Albano Olivetti,21.8,303
Albert Costa,27.1,34
Albert Montanes,27.8,66
Albert Portas,28.7,74
Albert Ramos,29.4,55
Alberto Berasategui,26.8,82
Alberto Brause,24.5,1136
Alberto Brizzi,24.3,273
Alberto Emmanuel Alvarado Larin,21.4,-1
Alberto Lim,18.6,1371
Alberto Martin,25.4,65
Aldin Setkic,24.1,319
Alec Beckley,22.4,664
Alejandro Davidovich Fokina,23.0,48
Alejandro Falla,27.0,108
Alejandro Gomez Gb42,23.9,698
Alejandro Gonzalez,26.1,136
Alejandro Hernandez,24.4,255
Alejandro Mendoza,27.9,1290
Alejandro Moro Canas,23.4,223
Alejandro Olivera,22.9,794
Alejandro Tabilo,25.9,80
Aleksandar Kovacevic,25.3,109
Aleksandar Vukic,27.3,103
Aleksandr Nedovyesov,27.5,148
Aleksandre Bakshi,26.0,676
Aleksandre Metreveli,27.0,633
Alen Avidzba,19.6,498
Alessandro Bega,26.5,351
Alessandro Camarco,22.4,540
Alessandro Giannessi,26.5,156
Alessio Di Mauro,28.8,110
Alex Bogdanovic,22.1,224
Alex Bogomolov Jr,26.5,98
Alex Bolt,27.6,193
Alex Calatrava,28.9,92
Alex Clayton,17.6,1281
Alex Corretja,27.8,33
Alex De Minaur,22.5,34
Alex Diaz,18.7,-1
Alex Fairbanks,21.9,-1
Alex Kim,23.7,185
Alex Knaff,23.7,560
Alex Kuznetsov,23.7,212
Alex Llompart,22.8,1136
Alex Lopez Moron,29.3,125
Alex Michelsen,19.6,78
Alex Molcan,24.7,84
Alex Obrien,30.5,217
Alex Rybakov,26.0,378
Alex Witt,24.2,498
Alexandar Lazarov,22.5,459
Alexandar Lazov,24.0,457
Alexander Blockx,19.1,377
Alexander Blom,21.1,1266
Alexander Bublik,24.5,50
Alexander Bury,23.6,634
Alexander Cozbinov,24.6,816
Alexander Donski,20.5,1048
Alexander Erler,23.7,337
Alexander Kudryavtsev,25.7,198
Alexander Merino,24.4,1340
Alexander Peya,26.0,174
Alexander Popp,26.2,129
Alexander Reichel,32.9,1154
Alexander Ritschard,28.8,188
Alexander Sadecky,23.3,425
Alexander Sarkissian,26.5,242
Alexander Shevchenko,23.0,72
Alexander Shvec,29.4,514
Alexander Skrypko,16.5,-1
Alexander Slabinsky,23.7,444
Alexander Tavkhelidze,19.7,-1
Alexander Vasquez,24.0,-1
Alexander Ward,25.6,435
Alexander Waske,29.9,120
Alexander Zgirovsky,20.1,1233
Alexander Zverev,22.8,21
Alexandr Dolgopolov,24.8,42
Alexandr Zotov,17.9,-1
Alexandre Muller,26.6,108
Alexandre Sidorenko,22.5,329
Alexandre Simoni,22.3,130
Alexandros Jakupovic,25.6,710
Alexandros Skorilas,22.4,982
Alexandru Andronachi,19.1,-1
Alexei Popyrin,22.7,83
Alexey Kedryuk,24.4,586
Alexey Vatutin,27.5,215
Alexios Halebian,23.1,644
Alexis Galarneau,23.9,232
Alexis Klegou,25.8,1555
Ali Ghareeb,25.3,1967
Ali Hamadeh,26.1,-1
Ali Ismaeel,19.6,-1
Alibek Kachmazov,20.8,454
Alistair Hunt,28.6,1146
Aljaz Bedene,27.9,81
Aljaz Radinski,20.0,1279
Aljoscha Thron,18.1,1187
Alti Vahkal,27.8,-1
Altug Celikbilek,23.9,322
Alun Jones,25.9,207
Alvaro Guillen Meza,20.8,350
Alvaro Lopez San Martin,25.9,298
Alvaro Raposo De Oliveira,19.4,761
Amaury Gomez,28.3,-1
Amer Delic,25.2,162
Amer Naow,25.1,-1
Americo Venero Montes,28.0,-1
Amine Ahouda,20.0,819
Amir Hadad,25.4,330
Amir Hossein Badi,19.1,-1
Amir Milushev,17.6,-1
Amir Weintraub,27.1,224
Amr Elsayed Abdou Ahmed Mohamed,23.8,755
Amro Ghoneim,27.9,783
Anas Fattar,24.8,767
Andis Juska,23.1,401
Ando Rasolomalala,21.6,-1
Andre Agassi,32.6,5
Andre Gaspar Murta,18.4,912
Andre Ghem,29.2,278
Andre Sa,24.7,98
Andrea Arnaboldi,28.8,206
Andrea Basso,25.5,416
Andrea Collarini,30.9,237
Andrea Gaudenzi,28.0,86
Andrea Pellegrino,24.8,246
Andrea Stoppini,27.2,251
Andrea Vavassori,28.2,186
Andreas Beck,23.8,107
Andreas Bjerrehus,24.2,-1
Andreas Fasching,19.5,700
Andreas Haider Maurer,26.7,141
Andreas Seppi,28.4,57
Andreas Vinciguerra,21.6,112
Andrei Cherkasov,29.8,214
Andrei Ciumac,26.4,964
Andrei Daescu,23.5,680
Andrei Gorban,21.7,460
Andrei Karatchenia,19.0,690
Andrei Luzgin,28.6,1311
Andrei Medvedev,26.0,52
Andrei Pavel,29.5,63
Andrei Soltoianu,21.7,-1
Andrei Stoliarov,24.7,113
Andrei Vasilevski,19.1,934
Andrej Kracman,19.6,566
Andrej Martin,28.8,123
Andrej Nedic,18.7,806
Andreja Petrovic,22.9,1265
Andres Andrade,25.5,390
Andres Artunedo Martinavarro,20.3,340
Andres Bucaro,22.7,-1
Andres Filimonov,33.2,-1
Andres Martin,21.8,670
Andres Molteni,25.4,258
Andres Pedroso,25.5,286
Andres Weisskopf,27.3,-1
Andrew Anderson,25.8,1564
Andrew Carlson,25.9,1089
Andrew Harris,26.5,209
Andrew Ilie,24.7,69
Andrew Whittington,23.4,196
Andrey Dernovskiy,19.1,868
Andrey Golubev,24.1,84
Andrey Kumantsov,25.3,356
Andrey Kuznetsov,24.2,96
Andrey Rublev,23.3,36
Andrey Stepanov,20.1,-1
Andrian Raturandang,24.6,1029
Andy Fahlke,20.9,185
Andy Murray,26.0,33
Andy Ram,24.5,494
Andy Roddick,23.7,17
Anil Yuksel,26.7,504
Anis Ghorbel,22.6,564
Anoosha Shahgholi,24.4,1152
Antal Van Der Duim,18.4,995
Ante Pavic,25.7,330
Anthony Jackie Tang,19.1,1519
Anthony Marshall,26.9,-1
Anthony Susanto,23.8,1761
Antoine Bellier,23.1,409
Antoine Breikeh,17.5,-1
Antoine Escoffier,31.9,172
Antoine Hoang,24.1,134
Anton Tsymbalov,18.0,-1
Antonio Van Grichen,22.4,-1
Antonio Veic,23.4,189
Antony Dupuis,30.0,95
Antso Rakotondramanga,26.4,1761
Aqeel Khan,30.6,1028
Ari Fahresi,,-1
Ariel Behar,22.3,1039
Ariez Elyaas Deen Heshaam,16.8,1557
Aristotelis Thanos,21.9,1082
Arjun Kadhe,25.7,598
Arklon Huertas Del Pino,28.5,491
Armin Sandbichler,21.5,570
Arnau Brugues Davi,27.7,184
Arnaud Clement,27.1,56
Arnaud Di Pasquale,22.4,110
Arsenije Zlatanovic,19.4,1421
Artem Derepasko,21.4,272
Artem Dubrivnyy,20.7,424
Artem Sitak,26.5,459
Artem Smirnov,25.0,456
Arthur Cazaux,21.3,141
Arthur De Greef,24.7,161
Arthur Fery,21.4,319
Arthur Fils,19.6,51
Arthur Rinderknech,27.4,74
Arturs Lazdins,18.3,1469
Arvind Parmar,24.5,179
Ashkan Shokoofi,23.3,1129
Asif Ismail,32.3,-1
Asim Shafik,26.4,-1
Aslan Karatsev,28.4,62
Attila Balazs,27.9,234
Attila Savolt,26.0,114
August Holmgren,24.1,648
Augustin Gensse,25.7,300
Augusto Ricciardi Castelli,25.9,-1
Augusto Sanabria,19.8,-1
Austen Childs,21.3,-1
Austin Krajicek,25.0,166
Austin Smith,22.6,-1
Axel Michon,23.4,206
Axel Pretzsch,24.9,131
Ayed Zatar,21.7,-1
Aymeric Mara,18.4,-1
Ayoub Chakrouni,22.8,1206
Ayrton Wibowo,19.9,1356
Aziz Avganov,19.5,-1
Aziz Dougaz,24.3,401
Aziz Ouakaa,22.2,832
Balazs Veress,21.7,1321
Bar Tzuf Botzer,20.7,834
Baris Erguden,25.0,1395
Baris Ergun,25.5,1195
Barry Cowan,26.4,200
Barry King,26.0,899
Bartlomiej Dabrowski,29.2,523
Bartolome Salva Vidal,20.3,359
Bassam Beidas,23.6,748
Bastian Knittel,28.1,198
Bastian Trinker,25.0,402
Beibit Zhukayev,23.4,247
Ben Ellwood,26.3,827
Ben Patael,20.4,676
Ben Qiang Zhu,23.3,564
Ben Shelton,21.1,37
Benedict Badza,18.6,-1
Benedikt Dorsch,26.5,211
Benito Jose Suriano,17.0,-1
Benjamin Balleret,28.0,376
Benjamin Becker,29.9,77
Benjamin Bonzi,26.1,83
Benjamin Hannestad,19.7,1200
Benjamin Hassan,26.9,281
Benjamin Lock,25.6,601
Benjamin Mitchell,20.2,268
Benoit Paire,27.5,52
Bernabe Zapata Miralles,25.6,93
Bernard Tomic,22.0,72
Bernardo Mota,30.3,382
Bernd Karbacher,32.0,290
Bertrand Madsen,31.4,-1
Billy Harris,29.3,144
Bing Chao Lin,26.3,1033
Bjorn Fratangelo,24.5,144
Bjorn Munroe,24.6,-1
Bjorn Phau,28.2,114
Bjorn Rehnquist,28.5,238
Blaise Bicknell,20.5,833
Blake Mott,22.7,384
Blake Strode,24.5,393
Blaz Kavcic,25.6,122
Blaz Rola,25.1,151
Blazej Koniusz,19.9,524
Bob Borella,19.9,1150
Bob Bryan,24.3,208
Bobby Reynolds,26.0,136
Bogdan Borza,20.8,797
Bohdan Ulihrach,27.2,84
Bor Artnak,18.3,1038
Boris Arias,30.2,-1
Boris Pashanski,24.0,110
Borna Coric,22.2,52
Borna Gojo,24.6,172
Bostjan Osabnik,21.5,706
Botic Van De Zandschulp,27.2,59
Bowen Ouyang,22.3,1098
Boy Westerhof,27.7,236
Bradley Klahn,26.4,173
Brandon Burke,16.4,-1
Brandon Holt,24.9,240
Brandon Nakashima,21.4,74
Brandon Perez,20.0,1796
Branko Djuric,19.7,781
Brayden Schnur,23.9,186
Brendan Evans,22.2,263
Brett Baudinet,24.2,-1
Brian Baker,25.9,255
Brian Dabul,25.6,110
Brian Hung,23.8,-1
Brian Macphie,27.7,419
Brian Shi,19.9,-1
Brian Vahaly,23.9,113
Brian Wilson,24.0,420
Bruno Abdel Nour,20.1,1135
Bruno Agostinelli,22.2,1574
Bruno Britez,18.3,-1
Bruno Echagaray,23.0,337
Bruno Rodriguez,22.8,500
Bruno Rosa,18.4,1124
Bruno Soares,26.2,347
Brydan Klein,22.9,266
Bu Yunchaokete,22.4,124
Byron Black,31.0,75
Caio Zampieri,22.5,510
Caleb Chakravarthi,23.0,-1
Calvin Hemery,23.0,207
Cameron Norrie,25.9,41
Camilo Ugo Carabelli,24.3,118
Candy Idoko,21.7,1090
Carl Soderlund,19.1,479
Carl Sundberg,18.4,-1
Carlos Alcaraz,19.7,22
Carlos Alvarez,19.1,1488
Carlos Avellan,23.4,593
Carlos Berlocq,29.4,73
Carlos Cuadrado,21.0,355
Carlos Drada,25.4,-1
Carlos Gimeno Valero,20.8,369
Carlos Gomez Herrera,22.0,671
Carlos Moya,27.7,29
Carlos Palencia,24.2,604
Carlos Salamanca,24.6,404
Carlos Taberner,24.0,130
Carlos Taborga,20.8,-1
Carsten Ball,22.5,157
Casper Ruud,22.9,35
Catalin Gard,26.1,250
Cayetano March,20.4,724
Cecil Mamiit,27.2,192
Cedric Kauffmann,24.8,280
Cedric Pioline,31.6,42
Cedrik Marcel Stebe,25.2,204
Cem Ilkel,23.9,307
Cesar Cruz,16.7,-1
Cesar Escobar Serrano,16.7,-1
Cesar Ramirez,21.0,521
Cezar Cretu,23.3,292
Chak Lam Coleman Wong,19.5,-1
Charalampos Kapogiannis,20.3,1268
Charles Broom,26.1,246
Charles Irie,20.0,-1
Chase Buchanan,20.6,546
Chemseddine Belal,23.4,553
Cheng Yu Yu,22.8,699
Cheuk Wai Hui,24.5,-1
Chia Yen Tsai,25.2,1284
Chieh Fu Wang,21.4,900
Ching Lam,20.4,-1
Chris Brandi,28.5,-1
Chris Eaton,20.8,522
Chris Guccione,22.3,171
Chris Numbers,30.5,-1
Chris Rodesch,22.4,607
Chris Woodruff,27.7,69
Christian Garay,17.8,-1
Christian Harrison,24.6,448
Christian Lindell,22.2,329
Christian Ruud,27.9,121
Christian Saravia,19.3,-1
Christian Sigsgaard,22.5,909
Christian Vinck,25.3,144
Christoffer Konigsfeldt,26.1,-1
Christophe Bosio,24.1,1188
Christophe Pognon,22.9,-1
Christophe Rochus,25.8,86
Christophe Tholl,21.1,-1
Christopher Diaz Figueroa,23.5,667
Christopher Eldon,18.7,-1
Christopher Eubanks,26.3,128
Christopher Kas,30.6,-1
Christopher Koderisch,18.5,1355
Christopher Koutrouzas,21.4,-1
Christopher Lawson,19.9,-1
Christopher Oconnell,28.7,94
Christopher Rungkat,22.3,721
Christos Hadjigeorgiou,18.2,-1
Chu Huan Yi,20.4,600
Chuhan Wang,22.7,495
Chun Hsin Tseng,20.8,172
Chun Hun Wong,22.4,978
Claude Ngoran,27.1,884
Claudio Dias Conduto,16.5,-1
Clay Thompson,22.1,2159
Clemens Trimmel,22.4,177
Clement Chidekh,21.6,434
Clement Mainguy,19.9,-1
Clement Morel,24.4,618
Clement Reix,28.9,502
Clint Bowles,19.2,1401
Coenie Van Wyk,33.8,-1
Cole Gromley,19.5,-1
Coleman Wong,19.2,403
Colin Ebelthite,24.1,254
Colin Fleming,26.2,645
Colin Obrien,26.0,843
Colin Sinclair,28.1,461
Collin Altamirano,20.2,345
Conner Huertas Del Pino,27.1,586
Conor Gannon,21.9,1294
Conor Niland,27.2,261
Constant Lestienne,30.5,94
Constantinos Ioannides,18.8,-1
Corentin Moutet,22.6,90
Courtney John Lock,21.9,2147
Cristian Garin,24.4,90
Cristian Paiz,23.2,1007
Cristian Rodriguez,27.6,388
Cristiano Caratti,30.9,212
Cristobal Saavedra Corvalan,19.7,402
Cyril Jacobe,28.0,-1
Cyril Saulnier,28.3,101
Dac Tien Nguyen,20.8,1859
Dalibor Svrcina,20.6,197
Damar Johnson,22.5,-1
Damian Patriarca,23.0,284
Damion Johnson,22.0,-1
Damir Dzumhur,25.6,91
Danai Udomchoke,25.3,170
Dane Sweeny,21.7,441
Daniel Alejandro Lopez Cassaccia,20.6,656
Daniel Altmaier,24.1,93
Daniel Azar,18.5,-1
Daniel Berta,16.6,-1
Daniel Brands,24.9,112
Daniel Chavez Morales,34.1,-1
Daniel Cox,21.9,249
Daniel Cukierman,26.5,533
Daniel Danilovic,20.8,532
Daniel Dutra Da Silva,27.2,239
Daniel Elahi Galan,25.7,123
Daniel Elsner,23.4,147
Daniel Evans,29.8,71
Daniel Garza,25.8,430
Daniel Gimeno Traver,26.6,89
Daniel Glancy,25.4,817
Daniel Isaza,16.4,-1
Daniel King Turner,24.8,429
Daniel Koellerer,25.3,108
Daniel Kosakowski,20.3,443
Daniel Langre,22.9,-1
Daniel Llarenas,23.7,-1
Daniel Masur,23.8,304
Daniel Melo,24.5,248
Daniel Michalski,21.7,528
Daniel Munoz de la Nava,31.7,139
Daniel Nestor,29.0,306
Daniel Rincon,20.6,263
Daniel Smethurst,23.6,234
Daniel Vacek,29.5,283
Daniel Vallejo,39.1,-1
Daniel Vallverdu,21.0,1097
Daniel Willman,26.8,358
Daniel Windahl,19.6,930
Daniel Yoo,18.8,-1
Daniele Bracciali,28.4,89
Daniels Tens,18.2,-1
Daniil Glinka,20.6,890
Daniil Medvedev,24.9,19
Daniil Ostapenkov,17.8,-1
Danilo Petrovic,28.7,163
Dannio Yahya,17.4,-1
Danylo Kalenichenko,22.6,657
Darian King,25.3,366
Dario Acosta,21.4,1447
Darius Florin Bragusi,18.7,942
Darko Bojanovic,21.5,958
Darwin Blanch,16.4,1031
David Agung Susanto,24.4,1323
David Caldwell,26.1,1028
David Ferrer,28.4,20
David Goffin,27.1,37
David Guez,27.7,170
David Jorda Sanchis,29.7,329
David Josepa,21.9,-1
David Kvernadze,18.8,-1
David Luque Velasco,22.1,596
David Marrero,28.6,240
David Martin,26.5,725
David Miketa,25.1,208
David Mullins,31.5,1262
David Nalbandian,24.6,31
David Prinosil,27.9,83
David Sanchez,24.9,71
David Sherwood,25.1,258
David Skoch,30.3,730
David Souto,21.1,437
David Szintai,21.6,-1
David Vega Hernandez,20.8,440
David Wheaton,31.1,393
Davide Sanguinetti,30.9,76
Davin Russell,18.9,-1
Davis Rolis,19.3,-1
Davit Babayan,22.6,-1
Dawid Olejniczak,24.6,329
Dawood Sayed Hashim,18.6,1969
Dean Obrien,23.4,563
Dejan Petrovic,22.2,215
Dekel Valtzer,21.7,441
Delmas Ntcha,21.7,-1
Demetrios Leontis,30.6,-1
Demetris Azoides,23.9,1054
Denes Lukacs,20.6,1151
Denis Golovanov,23.4,333
Denis Gremelmayr,26.7,121
Denis Istomin,27.0,77
Denis Kudla,25.3,113
Denis Matsukevitch,21.7,389
Denis Shapovalov,21.6,44
Denis Yevseyev,31.0,197
Deniss Pavlovs,24.1,725
Dennis Lajola,23.0,719
Dennis Novak,26.4,142
Dennis Novikov,22.3,286
Dennis Peschek,16.5,-1
Dennis Van Scheppingen,28.3,134
Dentry Mortimer,18.8,-1
Denys Molchanov,25.4,240
Devin Badenhorst,18.6,1717
Devin Britton,18.5,1404
Devin Mullings,21.4,1110
Di Wu,22.8,300
Dias Doskarayev,17.6,974
Dick Norman,33.9,128
Didac Perez,21.7,250
Diego Acuna,22.4,891
Diego Ayala,24.2,1223
Diego Camacho,21.0,-1
Diego Cubas,18.3,1102
Diego Duran,,-1
Diego Fernandez Flores,21.3,832
Diego Galeano,18.9,764
Diego Hartfield,26.4,101
Diego Hidalgo,18.8,974
Diego Junqueira,28.6,113
Diego Moyano,27.4,197
Diego Nargiso,30.4,254
Diego Schwartzman,26.8,37
Diego Veronelli,23.8,211
Dieter Kindlmann,25.3,266
Digvijaypratap Singh,23.2,544
Dilshod Sharifi,16.6,-1
Dimitar Grabuloski,27.3,1142
Dimitar Kutrovsky,25.3,450
Dimitar Kuzmanov,25.8,330
Dimitri Badra,20.1,-1
Dimitri Mazur,23.1,714
Dineshkanthan Thangarajah,21.7,-1
Dinko Halachev,29.4,1155
Dino Marcan,21.4,366
Dino Prizmic,17.9,277
Dinu Pescariu,26.5,509
Diogo Rocha,19.8,963
Dmitri Tomashevich,27.5,342
Dmitrii Baskov,20.5,2018
Dmitriy Makeyev,20.9,1103
Dmitro Tolok,18.4,1031
Dmitry Popko,22.9,230
Dmitry Tursunov,26.2,81
Dmitry Vlasov,18.9,288
Dominic Inglot,27.0,941
Dominic Pagon,21.3,-1
Dominic Stricker,20.6,182
Dominic Thiem,24.6,52
Dominik Hrbaty,25.9,44
Dominik Koepfer,27.8,77
Dominik Meffert,27.2,215
Donald Young,24.2,106
Dong Hyun Kim,23.9,476
Doug Bohaboy,26.0,283
Dovydas Sakinis,18.6,1240
Dragos Dima,26.2,373
Dragos Nicolae Madaras,24.9,290
Duck Hee Lee,20.3,188
Dudi Sela,27.2,84
Duilio Beretta,21.1,497
Duilio Vallebuona,22.6,1541
Duje Ajdukovic,22.7,167
Dusan Lajovic,28.6,69
Dusan Lojda,22.4,169
Dusan Vemic,29.1,322
Dustin Brown,29.8,110
Dzmitry Zhyrmont,25.2,367
Edan Leshem,22.7,434
Edas Butvilas,18.7,1076
Eddy Chala,24.0,1263
Eddy Gonzalez Gonzalez,22.1,-1
Edgar Hernandez Perez,20.7,1287
Edgardo Massa,23.9,251
Edgars Manusis,34.5,-1
Edouard Roger Vasselin,24.3,132
Edouard Roger-Vasselin,29.3,90
Edris Fetisleam,18.6,1167
Eduardo Nava,25.3,1432
Eduardo Rincon,24.3,752
Eduardo Schwank,23.5,86
Eduardo Struvay,24.1,540
Edward Corrie,25.3,330
Edwin Kempes,24.8,144
Eero Vasa,24.9,942
Efe Ustundag,23.6,666
Egor Gerasimov,27.1,145
Egor Matvievici,18.4,-1
Ekkarin Pisuth Arnonth,24.0,920
Elbert Sie,21.2,935
Eldad Campbell,18.1,-1
Eleftherios Christou,24.4,-1
Elias Ymer,23.6,170
Eliot Spizzirri,22.3,376
Elliot Benchetrit,22.7,396
Elmar Gerth,31.5,-1
Elmer Moller,19.9,580
Elvis Henry,29.9,-1
Emanuel Couto,27.8,542
Emil Reinberg,21.2,1032
Emil Ruusuvuori,23.1,87
Emilio Benfele Alvarez,27.8,134
Emilio Daniel Baez Britez,25.9,1135
Emilio Gomez,27.3,243
Emilio Nava,21.0,211
Emin Agaev,23.2,368
Emmanuel Heussner,31.6,-1
Enrique Lopez Perez,25.1,196
Enrique Olivares,25.0,1103
Enzo Couacaud,27.3,188
Enzo Pigola,18.8,-1
Ergi Kirkin,22.2,425
Ergun Zorlu,25.3,866
Erhan Oral,29.3,956
Eric Jr. Olivarez,21.8,-1
Eric Nunez,22.8,531
Eric Prodon,27.1,181
Eric Quigley,26.0,463
Eric Taino,28.2,265
Erik Arutiunian,16.9,-1
Erik Chvojka,25.0,262
Erling Tveit,22.1,862
Ernesto Escobedo,22.6,179
Ernests Gulbis,24.0,80
Ervin Eleskovic,20.4,583
Esat Tanik,20.4,692
Ethan Quinn,19.7,352
Evan Furness,24.1,208
Evan King,23.8,300
Evgenii Tiurnev,22.4,426
Evgeny Donskoy,25.9,106
Evgeny Karlovskiy,24.1,218
Evgeny Kirillov,21.0,610
Evgeny Korolev,20.7,102
Evghenii Plugariov,21.5,1312
Eyal Ran,27.4,384
F Egyir,,-1
Fabian Marozsan,24.3,69
Fabiano De Paula,25.6,458
Fabio Fognini,28.2,46
Fabrice Martin,29.0,350
Fabrice Santoro,31.4,45
Facundo Arguello,22.3,147
Facundo Bagnis,29.3,116
Facundo Diaz Acosta,23.0,97
Facundo Mena,29.9,151
Fadi Youssef,25.9,-1
Faisal Aidil,17.5,1335
Fajing Sun,27.4,380
Faris Zakaryia,23.3,923
Farrukh Dustov,24.4,304
Favel Antonio Freyre Perdomo,19.9,-1
Fazaluddin Syed,25.7,546
Febi Widhiyanto,22.8,743
Federico Agustin Gomez,27.6,238
Federico Browne,26.1,185
Federico Camacho,21.5,1328
Federico Coria,30.1,85
Federico Delbonis,26.7,72
Federico Dondo,29.8,536
Federico Gaio,27.0,174
Federico Luzzi,23.2,157
Federico Rodriguez,24.5,-1
Federico Sansonetti,19.8,1108
Federico Zeballos,27.3,650
Feliciano Lopez,29.6,48
Felipe Meligeni Alves,25.1,176
Felipe Parada,24.2,664
Felipe Rios,18.9,1285
Felix Auger Aliassime,21.2,26
Felix Mantilla,28.0,71
Fernando Gonzalez,25.3,37
Fernando Meligeni,30.3,75
Fernando Romboli,22.0,244
Fernando Verdasco,28.0,38
Fernando Vicente,25.4,66
Filip Cristian Jianu,20.0,284
Filip Dewulf,28.1,221
Filip Horansky,26.9,228
Filip Krajinovic,27.1,76
Filip Misolic,21.7,182
Filip Peliwo,20.5,378
Filip Polasek,22.9,671
Filip Prpic,26.0,475
Filip Urban,22.2,717
Filip Veger,18.1,836
Filippo Baldi,23.0,225
Filippo Volandri,25.8,64
Finn Reynolds,21.6,-1
Finn Tearney,26.7,532
Fitriadi M Rifqi,23.7,928
Flavio Cipolla,27.3,111
Flavio Cobolli,21.7,82
Flavio Saretta,23.5,92
Florent Serra,27.3,76
Florian Mayer,26.8,65
Florin Mergea,21.8,404
Frances Tiafoe,23.1,48
Francesco Aldi,23.9,198
Francesco Maestrelli,19.8,186
Francesco Passaro,22.3,166
Francesco Piccari,29.2,320
Francis Casey Alcantara,20.6,1230
Francisco Cabello,27.6,291
Francisco Cabral,27.5,-1
Francisco Cerundolo,24.7,42
Francisco Clavet,32.4,59
Francisco Comesana,23.6,114
Francisco Costa,27.4,196
Francisco Fogues,27.6,333
Francisco Llanes,17.6,1262
Francisco Rodriguez,26.8,657
Francisco Yim Kim,21.3,-1
Franco Agamenone,29.2,140
Franco Ferreiro,23.4,207
Franco Roncadelli,22.9,528
Franco Squillari,26.2,58
Frank Condor,21.2,374
Frank Dancevic,24.4,172
Frank Moser,28.4,388
Franko Skugor,27.4,294
Frantisek Cermak,28.1,436
Franz Luna Lavidalie,22.2,-1
Fred Hemmes,22.6,236
Fred Simonsson,21.6,674
Freddy Murray,20.1,-1
Frederic Niemeyer,28.7,256
Frederick Sletting Johnsen,20.6,1465
Frederick Sundsten,25.3,-1
Frederico Ferreira Silva,21.9,311
Frederico Gil,24.7,128
Frederik Fetterlein,30.9,663
Frederik Nielsen,28.8,411
Fredrik Aarum,19.5,1332
Fredrik Ask,19.6,1428
Fredrik Jonsson,23.3,147
Fritz Wolmarans,25.2,452
G D Jones,21.0,928
Gabi Adrian Boitan,24.3,483
Gabor Borsos,24.7,819
Gabor Jaross,23.4,976
Gabriel Diallo,22.4,146
Gabriel Donev,23.1,796
Gabriel Flores Ruiz,20.3,-1
Gabriel Montilla,24.5,902
Gabriel Moraru,25.9,428
Gabriel Pitta,24.3,726
Gabriel Trifu,26.5,310
Gabriel Trujillo Soler,28.5,237
Gael Monfils,27.5,39
Galo Blanco,25.4,98
Gastao Elias,24.6,150
Gaston Etlis,27.1,182
Gaston Gaudio,24.8,39
Genaro Alberto Olivieri,24.8,231
Genaro Deleon,30.1,-1
Genius Chidzikwe,24.8,653
Geoffrey Blancaneaux,23.3,185
George Bastl,27.7,133
George Chantouria,18.0,-1
George Kallis,20.8,-1
George Khrikadze,19.3,-1
George Loffhagen,22.2,369
George Tsivadze,24.4,890
Georgio Bedran,17.2,-1
Gerald Melzer,26.1,151
Gerard Granollers,22.9,300
Gerardo Lopez Villasenor,24.4,823
Gergely Kisgyorgy,26.0,570
Germain Gigounon,26.0,209
German Puentes,28.2,107
Gert Vilms,20.8,-1
Gian Marco Moroni,22.7,228
Gianluca Mager,26.2,94
Gianluca Naso,21.9,314
Gianluca Pozzi,35.3,63
Gianluigi Quinzi,21.5,298
Gianni Mina,21.0,449
Gijs Brouwer,27.1,181
Gilbert Wong,20.0,-1
Giles Hussey,27.0,359
Gilles Arnaud Bailly,18.0,1027
Gilles Elseneer,25.5,164
Gilles Kremer,25.0,1237
Gilles Muller,28.6,75
Gilles Simon,28.2,34
Gillian Osmont,20.7,-1
Gino Meeuwsen,18.0,-1
Giorgi Javakhishvili,20.3,1105
Giorgio Galimberti,26.9,162
Giovani Samaha,20.9,1573
Giovanni Lapentti,23.2,269
Giovanni Mpetshi Perricard,20.9,88
Girts Dzelde,36.8,-1
Giulio Zeppieri,21.2,168
Gleb Sakharov,29.6,201
Glenn Weiner,27.4,208
Go Soeda,27.8,119
Goncalo Nicau,23.8,804
Gonzales Austin,18.6,-1
Gonzalo Bueno,19.5,407
Gonzalo Escobar,27.4,460
Gonzalo Lama,23.6,313
Gonzalo Villanueva,27.5,279
Goran Bosalevski,29.8,-1
Goran Ivanisevic,29.8,137
Goran Tosic,26.6,596
Gorka Fraile,28.2,329
Gouichi Motomura,29.2,248
Grant Stafford,28.6,472
Greg Jones,22.4,282
Greg Rusedski,29.4,53
Grega Zemlja,25.1,140
Gregoire Barrere,27.9,100
Gregoire Burquier,30.2,205
Gregory Carraz,28.8,96
Grigor Dimitrov,26.3,34
Grzegorz Panfil,22.5,480
Guido Andreozzi,27.3,129
Guido Pella,28.0,97
Guilherme Clezar,22.6,245
Guillaume Couillard,29.8,1049
Guillaume Raoux,30.0,234
Guillaume Rufin,21.9,158
Guillem Burniol,21.6,497
Guillermo Alcaide,24.0,238
Guillermo Canas,26.7,51
Guillermo Carter,25.5,904
Guillermo Coria,21.9,44
Guillermo Garcia Lopez,28.4,65
Guillermo Hormazabal,20.9,653
Guillermo Olaso,24.1,241
Guillermo Rivera Aranguiz,22.0,352
Gunawan Trismuwantara,19.2,2050
Gunther Darkey,26.9,765
Gustavo Heide,22.0,219
Gustavo Kuerten,25.7,52
Gustavo Marcaccio,28.4,435
Gustavo Ramirez,21.4,1268
Gvidas Sabeckis,25.0,573
Gwinyai Chingoka,20.7,-1
Gwinyai Tongoona,31.1,1011
Gyorgy Balazs,21.5,744
Hady Habib,22.0,561
Haithem Abid,21.7,843
Haluk Akkoyun,30.2,1116
Hamad Medjedovic,20.3,168
Hamid Reza Nadaf,27.6,1588
Hamza Karmoussi,,-1
Hans Hach Verdugo,26.2,621
Hans Podlipnik Castillo,23.7,436
Hao Lu,20.6,889
Hao Sheng Koay,17.5,-1
Harel Levy,24.5,128
Harold Mayot,21.7,173
Harri Heliovaara,25.6,541
Harry Bourchier,25.0,324
Harsh Mankad,23.3,518
Harshana Godamanna,27.5,1011
Harutyun Sofyan,19.4,-1
Hasan Ibrahim,24.5,1507
Hassan Al Mousa,19.3,-1
Haydn Lewis,29.8,787
Hayk Hakobyan,22.0,-1
Hazem Naw,20.1,-1
Hazuan Hizan,22.7,-1
Hector Moretti,27.4,228
Hee Seok Chung,26.3,636
Hee Sung Chung,23.1,722
Hei Yin Andrew Li,19.8,1511
Helder Lopes,25.2,656
Helge Koll,27.0,424
Hendri Susilo Pramono,21.2,657
Hendrik Dreekmann,27.8,856
Henri Kontinen,19.3,816
Henri Laaksonen,26.4,158
Henri Squire,23.4,213
Henrik Andersson,26.1,388
Henrik Sillanpaa,24.0,570
Henrique Rocha,19.9,260
Henry Adjei Darko,20.9,488
Henry Estrella,20.8,-1
Henry Searle,18.2,554
Henry So,26.3,1209
Herbert Wiltschnig,25.0,236
Herkko Pollanen,19.2,729
Hermes Gamonal,25.7,243
Hernan Casanova,28.4,321
Hernan Gumy,28.2,84
Hernando Jose Escurra Isnardi,22.3,1329
Heve Kelley,26.8,-1
Hicham Arazi,28.3,47
Hicham Khaddari,22.0,595
Hillel Rousseau,17.6,-1
Hiroki Kondo,20.9,620
Hiroki Moriya,25.4,203
Hisham Hemeda,22.2,1304
Hiu Tung Yu,22.9,1178
Holger Rune,19.8,56
Hong Chung,20.7,1042
Hong Kit Jack Wong,21.7,1174
Horacio Zeballos,28.8,75
Horia Tecau,21.3,448
Hsien Yin Peng,25.6,-1
Hsin Han Lee,20.3,764
Hubert Hurkacz,24.7,34
Hugo Armando,25.8,227
Hugo Dellien,26.8,161
Hugo Gaston,22.1,113
Hugo Grenier,26.9,150
Hugo Nys,32.5,1117
Hussain Al Ashwak,24.7,-1
Hyeon Chung,21.0,70
Hyun Joon Kim,22.7,922
Hyun Joon Suk,19.7,1100
Hyun Woo Nam,21.8,588
Hyung Taik Lee,28.8,76
Ian Flanagan,22.3,866
Ibrahim Abou Chahine,20.9,-1
Ignaci Roca,28.6,-1
Ignacio Buse,19.8,443
Ignacio Carou,23.1,732
Ignacio Garcia,19.1,-1
Ignacio Hirigoyen,25.4,306
Igor Andreev,24.4,59
Igor Chaldounov,31.2,-1
Igor Gaudi,25.2,218
Igor Kornienko,28.3,693
Igor Kunitsyn,27.4,88
Igor Levine,22.9,854
Igor Sijsling,25.9,95
Ilia Kushev,24.4,479
Ilija Bozoljac,23.0,226
Ilija Martinoski,18.7,1014
Iliyan Radulov,19.2,766
Illia Biloborodko,18.6,747
Illya Marchenko,26.4,117
Ilou Lonfo,26.9,-1
Ilya Belyaev,20.1,334
Ilya Ivashka,26.9,96
Ilya Snitari,21.8,740
Inam Gul,21.2,-1
Ingo Neumuller,24.3,886
Inigo Cervantes Huegun,25.6,142
Ioannis Xilas,23.0,1028
Ion Moldovan,24.1,406
Iphton Louis,28.2,1315
Irakli Labadze,22.4,103
Irakli Metreveli,17.9,2085
Irakli Ushangishvili,22.7,896
Isaac Becroft,21.8,1016
Isak Arvidsson,22.5,605
Ismael Changawa Ruwa Mzai,23.6,-1
Ismar Gorcic,26.8,580
Israel Matos Gil,21.8,564
Israel Morales,19.9,-1
Issam Al Tawil,22.8,984
Iurie Gorban,24.9,-1
Ivan Cerovic,23.9,355
Ivan Dodig,28.1,78
Ivan Endara,24.6,476
Ivan Gakhov,26.5,248
Ivan Ljubicic,26.6,33
Ivan Miranda,24.9,278
Ivan Navarro,26.7,116
Ivan Nedelko,25.8,450
Ivan Sergeyev,21.3,262
Ivan Vajda,22.5,300
Ivaylo Traykov,24.9,391
Ivo Bratanov,24.3,872
Ivo Heuberger,26.9,141
Ivo Karlovic,32.3,60
Ivo Klec,27.1,295
Ivo Lagzdins,19.7,-1
Ivo Minar,23.2,103
Ivor Grazette,27.5,-1
Izak Van Der Merwe,26.2,249
Iztok Bozic,30.2,508
J J Wolf,24.0,80
Jaak Poldma,22.0,1097
Jaan Kononov,20.4,-1
Jabor Al Mutawa,20.1,-1
Jack Brasington,25.7,165
Jack Cheng,15.6,1600
Jack Draper,21.6,65
Jack Loutit,20.2,790
Jack Mingjie Lin,19.8,-1
Jack Sock,23.9,74
Jacob Adaktusson,25.3,265
Jacob Bicknell,23.6,-1
Jacob Coenraad De Klerk,21.3,1485
Jacob Fearnley,23.0,205
Jacob Rasolondrazana,29.4,-1
Jacobo Chavez,30.4,1182
Jacobo Diaz,24.7,108
Jacopo Berrettini,24.2,842
Jad Ayoub,17.7,-1
Jad Ballout,20.0,-1
Jae Min Seol,22.0,-1
Jae Sung An,21.7,596
Jaime Cortes,34.6,-1
Jaime Faria,20.9,186
Jaime Oncins,31.2,-1
Jakub Herm Zahlava,20.7,316
Jakub Mensik,18.7,89
Jalil Khan,25.6,-1
Jamal Darmadi,20.5,-1
James Auckland,26.4,414
James Blake,26.9,45
James Duckworth,27.6,138
James Greenhalgh,25.1,766
James Lemke,21.9,456
James Mccabe,20.8,298
James Mcgee,25.4,354
James Sekulov,23.5,160
James Shortall,22.2,916
James Ward,26.3,222
Jamie Baker,23.1,256
Jamie Delgado,25.1,217
Jamie Murray,21.1,1507
Jan Boruszewski,22.7,376
Jan Choinski,26.7,207
Jan Frode Andersen,30.4,248
Jan Hajek,27.0,102
Jan Hernych,28.0,110
Jan Kroslak,25.8,157
Jan Lennard Struff,29.1,58
Jan Mertl,34.0,277
Jan Michael Gambill,25.0,57
Jan Minar,27.0,250
Jan Satral,26.2,194
Jan Siemerink,30.7,102
Jan Vacek,26.8,118
Jan Weinzierl,30.0,342
Jan Zielinski,25.1,860
Janez Semrajc,22.0,530
Janis Podzus,20.6,879
Janis Skroderis,21.2,1410
Janko Tipsarevic,26.1,79
Janne Ojala,26.1,515
Jannik Sinner,20.9,24
Jared Donaldson,20.6,92
Jared Palmer,29.2,700
Jarkko Nieminen,26.9,52
Jaroslav Levinsky,22.4,403
Jaroslav Pospisil,30.3,216
Jason Engelhardt,25.1,-1
Jason Jung,30.6,160
Jason Kubler,28.6,111
Jason Sankey,26.1,-1
Jason Stoltenberg,30.3,80
Jasper Smit,25.8,711
Jaume Munar,24.1,91
Javier Barranco Cosano,25.5,254
Javier Garcia Sintes,22.3,479
Javier Marti,19.9,213
Javier Sanchez,31.9,281
Jay Clarke,21.5,196
Jay Gooding,26.8,708
Jaymon Crabb,25.0,263
Jc Aragone,23.6,347
Jean Andersen,25.2,810
Jean Christophe Faurel,24.9,175
Jean Claude Scherrer,27.5,619
Jean Francois Bachelot,24.4,221
Jean Jacques Rakotohasy,21.6,-1
Jean Julien Rojer,22.4,599
Jean Marc Bazanne,21.5,-1
Jean Michel Durango,19.0,764
Jean Nabi,29.4,-1
Jean Rene Lisnard,25.4,173
Jean Segodo,24.3,-1
Jeevan Nedunchezhiyan,25.1,314
Jeff Coetzee,23.6,342
Jeff Morrison,24.9,132
Jeff Salzenstein,29.9,218
Jeff Tarango,31.7,88
Jens Knippschild,25.8,122
Jenson Brooksby,21.3,86
Jeremy Chardy,27.5,59
Jerome Golmard,27.7,75
Jerome Haehnel,24.9,165
Jerome Kym,20.5,468
Jerry Joseph,22.7,-1
Jerzy Janowicz,23.2,80
Jeson Patrombon,22.7,1226
Jesper De Jong,23.5,161
Jesse Flores,26.2,1064
Jesse Huta Galung,25.5,182
Jesse Levine,22.8,146
Jesse Witten,25.6,246
Jesus Bandres,24.4,1169
Jesus Francisco Felix,28.0,-1
Jhonnatan Medina Alvarez,23.7,-1
Jhonson Garcia,25.5,1088
Ji Sung Nam,25.9,401
Jicham Zaatini,26.0,745
Jie Cui,25.3,748
Jim Courier,29.4,48
Jim Thomas,26.4,568
Jimmy Wang,22.8,188
Jimy Szymanski,26.2,339
Jing Yi Li,23.6,1066
Jing Zhu Yang,25.0,1076
Jirat Navasirisomboon,21.1,1246
Jiri Lehecka,21.6,50
Jiri Novak,27.9,32
Jiri Vanek,26.1,110
Jiri Vesely,24.1,79
Jo-Wilfried Tsonga,28.0,27
Joachim Bjerke,19.2,938
Joachim Johansson,22.8,138
Joan Jimenez Guerra,25.2,674
Joao Cunha Silva,32.1,288
Joao Domingues,24.8,228
Joao Fonseca,17.8,308
Joao Menezes,23.8,203
Joao Pedro Sorgi,24.3,363
Joao Sousa,27.9,71
Joao Souza,25.1,115
Joaquin  Aguilar Cardozo ,18.8,1074
Joel Allen,21.2,-1
Joel Schwaerzler,18.5,370
Johan Landsberg,25.4,611
Johan Nikles,23.5,479
Johan Ortegren,22.6,395
Johan Settergren,24.0,224
Johann Coles,20.9,-1
Johannes Ager,19.2,622
Johannes Ingildsen,24.6,990
Johannes Seeman,22.5,-1
John Bryan Decasa Otico,18.9,-1
John Doran,23.9,548
John El Khoury,20.5,-1
John Hui,23.7,1026
John Isner,29.9,33
John Millman,29.7,75
John Morrissey,21.4,-1
John Patrick Smith,27.6,193
John Paul Fruttero,24.4,205
John Van Lottum,26.4,115
Johnny Arcilla,26.4,1465
Johny De Leon,20.3,964
Joji Miyao,20.2,1211
Jonas Bjorkman,31.6,60
Jonas Forejtek,19.0,480
Jonas Froberg,19.6,621
Jonathan Chu,28.7,-1
Jonathan Dasnieres De Veigy,24.5,236
Jonathan Erlich,25.1,532
Jonathan Eysseric,19.8,584
Jonathan Igbinovia,26.3,1107
Jonathan Marray,23.8,302
Jonathan Mridha,23.4,1094
Jonathan Printzlau,25.0,-1
Jonathan Stark,29.6,683
Jordan Thompson,26.8,68
Jordi Munoz Abreu,27.1,1242
Jordi Samper Montana,27.0,313
Jorge Aguilar,25.7,292
Jorge Brian Panta Herreros,19.1,812
Jorge Tejada,31.7,-1
Jorge Villanueva,18.9,1523
Joris De Loore,25.2,238
Jose  Flores,27.1,-1
Jose Acasuso,23.1,60
Jose Antonio Sanchez De Luna,22.6,364
Jose Antonio Velazquez,19.0,-1
Jose Baires,20.1,1162
Jose Benitez,20.5,1263
Jose Bernard,22.9,-1
Jose De Armas,22.7,370
Jose Hernandez,24.0,444
Jose Olivares,18.5,1074
Jose Perdomo,24.7,-1
Jose Roberto Velasco,17.7,-1
Jose Rubin Statham,25.3,460
Jose Zunino,19.5,1068
Joseph Sirianni,32.2,211
Joseph Victorino,19.4,1382
Josh Goodall,22.9,244
Joshua Eagle,27.8,-1
Josko Topic,29.6,605
Josselin Ouanna,23.5,145
Jozef Kovalik,27.0,152
Juan Albert Viloca Puig,27.8,181
Juan Alejandro Hernandez Serrano,22.9,536
Juan Andres Gomez,18.6,1487
Juan Antonio Marin,27.4,127
Juan Balcells,25.9,96
Juan Borba,20.2,-1
Juan Carlos Ferrero,25.2,24
Juan Carlos Fuentes Vasquez,18.6,-1
Juan Carlos Gonzalez,18.8,-1
Juan Carlos Prado Angelo,18.2,756
Juan Carlos Ramirez,19.7,1473
Juan Carlos Rebaza Lozano,17.8,-1
Juan Carlos Saez,24.0,239
Juan Enrique Crosa,22.5,-1
Juan Giner,23.8,315
Juan Ignacio Chela,26.3,48
Juan Ignacio Londero,26.3,88
Juan Lorenzo Gonzalez,31.5,-1
Juan Lugo,19.9,-1
Juan Luis Tati Rascon,33.6,484
Juan Manuel Cerundolo,20.7,142
Juan Manuel Elizondo,24.0,680
Juan Martin Aranguren,24.6,292
Juan Martin del Potro,23.8,52
Juan Monaco,26.1,51
Juan Pablo Barboza,21.9,-1
Juan Pablo Brzezicki,25.6,136
Juan Pablo Ficovich,24.3,235
Juan Pablo Guzman,25.1,189
Juan Pablo Varillas,26.4,159
Juan Rios,37.3,-1
Juan Sebastian Cabal,24.8,329
Juan Sebastian Langton,24.6,-1
Juan Sebastian Vivanco,21.4,865
Juho Paukku,23.6,915
Jui Chen Hung,25.3,704
Julen Uriguen,18.2,1220
Julian Alonso,22.7,122
Julian Knowle,28.9,144
Julian Lenz,26.4,322
Julian Reister,26.1,211
Julian Saborio,20.1,1182
Julien Benneteau,28.6,76
Julien Boutter,27.5,87
Julien Cagnina,23.6,248
Julien Jeanpierre,24.2,170
Julien Mathieu,24.5,981
Julien Varlet,25.2,172
Julio Cesar Campozano,24.3,400
Julio Peralta,21.4,540
Julio Silva,26.2,249
Julius Gotovskis,18.4,-1
Julius Tverijonas,22.3,1315
Jun Chao Xu,20.0,594
Jun Kato,22.2,503
Juncheng Shang,19.0,131
Jung Woong Na,19.4,842
Jurabek Karimov,19.9,692
Jurgen Melzer,27.5,58
Jurgen Zopp,25.8,215
Jurij Rodionov,22.8,146
Justin Barki,21.3,-1
Justin Bower,23.8,337
Justin Engel,17.0,458
Justin Gimelstob,26.7,131
Justin Lunn,25.6,-1
Justin Oneal,30.7,748
Kacper Zuk,22.0,285
Kaichi Uchida,27.7,195
Kaipo Marshall,20.7,-1
Kalle Flygt,24.5,396
Kamil Capkovic,18.7,370
Kamil Majchrzak,24.9,138
Karam Hatamleh,21.9,-1
Karan Rastogi,21.1,626
Karen Khachanov,24.1,37
Karim Alami,27.4,63
Karim Alayli,24.3,1324
Karim Hossam,19.8,338
Karim Maamoun,25.5,475
Karim Mohamed Maamoun,26.1,492
Karl Friberg,24.6,398
Karlis Lejnieks,20.1,912
Karlis Ozolins,19.9,1209
Karol Beck,23.8,78
Karol Kucera,28.2,70
Karsten Braasch,32.9,426
Kasidit Samrej,20.9,772
Kasparas Zemaitelis,17.4,-1
Kasper Warming,26.2,-1
Kei Nishikori,25.4,42
Kenneth Carlsen,30.9,115
Kenneth Raisma,22.3,1268
Kenneth Tuilier Curco,19.8,1342
Kenny De Schepper,27.2,113
Kento Takeuchi,26.7,441
Kepler Orellana,25.7,405
Kerlin Leon Zamora,19.4,1312
Kevin Anderson,28.6,43
Kevin Cheruiyot,22.0,1752
Kevin Jonckheer,30.2,-1
Kevin Kim,27.6,109
Kevin King,26.6,375
Kevin Krawietz,23.9,496
Kevin Kung,22.5,-1
Kevin Sorensen,23.8,736
Kevin Ullyett,28.8,208
Khalid Al Nabhani,26.0,-1
Khumoun Sultanov,23.4,427
Ki Lung Ng,21.9,2102
Kim Tiilikainen,26.7,335
Kimmer Coppejans,24.8,163
Kiranpal Pannu,26.5,667
Kirati Siributwong,20.8,978
Kirill Ivanov Smolensky,21.4,590
Kittipong Wachiramanowong,21.1,721
Kj Hippensteel,24.0,293
Komlavi Loglo,33.9,611
Konstantin Don Gruber,24.0,600
Konstantin Kravchuk,29.7,166
Konstantinos Economidis,27.7,247
Konstantinos Mikos,16.4,1293
Kornel Bardoczky,27.4,453
Kris Van Wyk,26.8,466
Kristian Capalik,22.6,370
Kristian Pless,22.7,140
Kristijan Mesaros,23.5,295
Kristjan Tamm,24.1,828
Kristof Vliegen,24.3,93
Krystian Pfeiffer,22.0,547
Kuan Yi Lee,20.4,514
Kwasi Ahenkora,20.7,-1
Kwok Shun Dasson Chan,18.5,-1
Kyle Edmund,23.1,85
Kyle Johnson,25.5,-1
Kyrian Jacquet,23.2,209
Kyu Tae Im,26.3,391
Ladislav Svarc,22.8,313
Lado Chikhladze,21.1,736
Lamine Ouahab,26.9,380
Lars Burgsmuller,27.4,103
Lars Poerschke,25.1,459
Lars Uebel,24.6,288
Laslo Djere,25.9,67
Laurence Tieleman,27.5,108
Laurent Bram,24.4,1131
Laurent Hild,21.1,-1
Laurent Lokoli,23.5,260
Laurent Recouderc,24.6,198
Lauri Kiiski,25.7,825
Laurynas Grigelis,24.2,364
Lavaughn Munroe,20.6,-1
Lawal Shehu,22.4,1210
Lays Salim,26.1,-1
Lazar Magdincev,26.8,601
Lazaro Navarro Batles,27.5,-1
Leander Paes,28.7,388
Leandro Riedi,21.3,217
Learner Tien,18.6,289
Lee Childs,20.3,372
Lefteris Alexiou,21.8,842
Leo Borg,20.3,601
Leonardo Azzaro,28.0,312
Leonardo Kirche,19.7,682
Leonardo Mayer,27.3,64
Leonardo Olguin,26.2,235
Leonardo Ramirez,22.7,-1
Leonardo Tavares,22.2,571
Leos Friedl,26.0,472
Leroy Tujeehut,22.2,-1
Lester Cook,20.2,1445
Levar Harper Griffith,19.2,804
Li Tu,27.0,220
Liam Broady,27.2,170
Liam Caruana,20.5,566
Liam Krall,20.7,-1
Liang Chi Huang,22.3,373
Linh Giang Trinh,23.0,-1
Lionel Roux,27.7,272
Lior Mor,24.3,173
Liova Ayite Ajavon,25.2,-1
Lleyton Cronje,21.9,-1
Lleyton Hewitt,24.9,30
Lloyd Harris,23.8,108
Lluis Miralles,20.3,-1
Lofo Ramiaramanana,23.7,1602
Loic Didavi,25.7,-1
Lorenzo Giustino,27.7,210
Lorenzo Manta,25.7,139
Lorenzo Musetti,20.8,44
Lorenzo Sonego,26.6,53
Louis Vosloo,24.2,211
Louis Wessels,20.1,347
Louk Sorensen,24.9,360
Lovro Zovko,25.4,490
Luca Nardi,20.1,142
Luca Preda,17.8,1099
Luca Van Assche,19.5,92
Luca Vanni,30.5,132
Lucas Andriamasilalao,19.6,-1
Lucas Arnold Ker,27.6,596
Lucas Catarina,23.1,583
Lucas Gomez,21.4,706
Lucas Miedler,23.0,514
Lucas Pouille,23.8,63
Luciano Darderi,22.2,65
Luciano Ramazzini,20.6,-1
Lucky Candra Kurniawan,18.7,-1
Ludovic Walter,28.4,287
Luis Adrian Morejon,28.1,386
Luis Carlos Alvarez Valdes,,-1
Luis David Martinez,25.6,850
Luis Delgado,18.2,-1
Luis Diaz Barriga,25.5,489
Luis Diego Chavez Villalpando,22.2,1581
Luis Diego Nunez,26.1,-1
Luis Felipe Noriega,19.0,-1
Luis Haddock,22.0,-1
Luis Horna,24.5,77
Luis Javier Cuellar Contreras,19.1,1507
Luis Manuel Flores,19.8,981
Luis Patino,24.1,836
Luis Perez Chete,30.0,-1
Luka Belic,18.7,1002
Luka Gregorc,23.6,461
Luka Mikrut,20.2,350
Lukas Dlouhy,23.7,131
Lukas Hellum Lilleengen,20.5,1388
Lukas Klein,25.4,168
Lukas Lacko,25.7,98
Lukas Mugevicius,19.4,687
Lukas Neumayer,21.3,416
Lukas Pokorny,21.9,589
Lukas Rosol,28.8,74
Lukasz Kubot,28.5,104
Luke Bourgeois,28.8,450
Luke Jensen,33.6,-1
Luke Milligan,24.5,533
Luke Saville,22.3,249
Luke Smith,24.1,485
M Abid Ali Khan Akbar,25.9,1622
Mackenzie Mcdonald,26.5,87
Mads Gottlieb,21.2,1225
Magloire Yakpa,21.2,-1
Magnus Gustafsson,34.0,69
Magnus Larsson,31.2,170
Magnus Norman,24.9,43
Mahammad Abid,21.8,-1
Mahesh Bhupathi,28.1,866
Mahmoud Ezz,21.2,1284
Mahmoud Nader Al Baloushi,27.7,-1
Mait Kunnap,21.7,1073
Maks Kasnikowski,19.8,213
Malek Jaziri,32.4,121
Manas Dhamne,15.0,-1
Mansur Yakhyaev,26.5,-1
Mantas Bugailiskis,17.7,-1
Manuel Castellanos,19.5,-1
Manuel Guinard,26.9,164
Manuel Sanchez,25.3,675
Manuel Tejada,29.2,-1
Mao Xin Gong,23.3,450
Marat Deviatiarov,21.4,649
Marat Safin,24.2,24
Marc Abdulnour,23.7,942
Marc Andrea Huesler,26.2,133
Marc Fornell Mestres,25.1,284
Marc Gicquel,31.1,74
Marc Kevin Goellner,30.4,266
Marc Kimmich,22.2,307
Marc Lopez,22.6,216
Marc Polmans,23.7,152
Marc Rosset,30.7,74
Marc Vilanova,19.2,-1
Marcel Felder,23.3,481
Marcel Granollers,26.8,60
Marcello Craca,27.9,325
Marcelo Amador,21.2,590
Marcelo Arevalo,25.1,477
Marcelo Barboza,20.8,648
Marcelo Charpentier,27.8,194
Marcelo Demoliner,29.1,1184
Marcelo Filippini,32.9,416
Marcelo Melo,26.6,-1
Marcelo Rios,25.7,30
Marcin Gawron,22.7,362
Marcin Matkowski,24.6,1014
Marco Antonio Rojas,19.7,1739
Marco Aurelio Nunez,18.4,-1
Marco Cecchinato,27.1,78
Marco Chiudinelli,28.8,160
Marco Crugnola,26.1,275
Marco Mirnegg,22.7,316
Marco Osorio,27.9,550
Marco Trungelliti,29.2,183
Marcos Baghdatis,26.1,51
Marcos Daniel,29.5,101
Marcos Giron,29.0,75
Marcos Lee Chan Baratau,18.8,1320
Marcos Ondruska,27.9,179
Marcus Daniell,23.6,820
Marcus Sarstrand,23.6,377
Marcus Willis,25.7,772
Mardy Fish,25.6,66
Marek Marksoo,19.7,-1
Mariano Albert Ferrando,20.0,340
Mariano Delfino,25.6,185
Mariano Hood,26.9,282
Mariano Navone,23.2,54
Mariano Puerta,24.1,62
Mariano Sanchez,22.0,978
Mariano Zabaleta,25.1,62
Marin Cilic,26.1,37
Marin Draganja,25.3,-1
Marinko Matosevic,27.8,85
Mario Alberto Cayo,19.1,-1
Mario Ancic,21.7,58
Mario Monroy,19.7,1164
Mario Radic,20.6,325
Mario Vilella Martinez,25.6,183
Marius Copil,26.1,141
Marius Tangen,18.7,-1
Mariusz Fyrstenberg,25.8,757
Mark Chigaazira,19.9,1322
Mark Hilton,22.5,387
Mark Knowles,29.6,490
Mark Lajal,20.4,316
Mark Merklein,29.4,592
Mark Nielsen,25.3,382
Mark Philippoussis,26.0,66
Mark Woodforde,34.3,133
Marko Djokovic,19.2,1160
Marko Tepavac,22.8,201
Marko Tkalec,26.3,393
Marko Topo,19.0,730
Markos Kalovelonis,19.7,690
Markus Eriksson,25.3,482
Markus Hantschk,22.9,111
Markus Hipfl,23.3,104
Markus Kerner,18.3,1343
Marsel Ilhan,26.0,134
Martijn Van Haasteren,29.5,1542
Martin Alund,27.4,108
Martin Antonio Vergara Del Puerto,17.6,-1
Martin Cuevas,23.6,559
Martin Damm,20.4,204
Martin Damm Sr,28.1,-1
Martin Emmrich,25.4,994
Martin Fischer,24.8,218
Martin Garcia,23.8,809
Martin Klizan,25.8,67
Martin Landaluce,17.7,497
Martin Lee,24.0,145
Martin Pedersen,23.8,710
Martin Rmus,19.3,-1
Martin Rodriguez,30.4,128
Martin Sayer,22.4,-1
Martin Slanar,27.2,247
Martin Spottl,24.1,197
Martin Stiegwardt,18.3,-1
Martin Vaisse,26.7,309
Martin Vassallo Arguello,27.6,88
Martin Verkerk,25.0,127
Martin Vilarrubi,19.2,944
Martins Podzus,20.1,728
Martins Rocens,23.6,1763
Marton Fucsovics,28.3,82
Martyn Pawelski,19.8,661
Marvin Moeller,17.4,-1
Marvin Rolle,21.5,1558
Marwan Zewar,20.4,-1
Marzio Martelli,28.9,292
Mashiska Washington,27.6,548
Massimo Dellacqua,25.7,301
Matavao Fanguna,27.2,-1
Mate Delic,20.8,225
Mate Pavic,20.2,520
Mate Valkusz,23.8,284
Matej Dodig,19.0,304
Mateus Alves,22.0,556
Matheus Pucinelli De Almeida,21.0,264
Mathias Bourgue,24.7,188
Mathias Hellstrom,26.3,534
Mathieu Montcourt,22.6,149
Mathieu Rodrigues,25.8,275
Matias Boeker,23.5,268
Matias Silva,21.9,729
Matic Kriznik,17.8,1274
Matija Pecotic,33.6,784
Matija Zgaga,18.9,922
Mats Moraing,28.2,243
Matt Klinger,23.7,683
Matt Reid,22.9,216
Matt Simpson,22.6,1342
Matteo Arnaldi,22.8,57
Matteo Berrettini,25.0,35
Matteo Donati,20.1,282
Matteo Gigante,22.3,141
Matteo Marrai,21.4,414
Matteo Martineau,25.0,239
Matteo Trevisan,25.9,451
Matteo Viola,26.4,159
Matthew Barton,24.4,254
Matthew Behrmann,22.9,1358
Matthew Breen,24.5,260
Matthew Ebden,27.7,121
Matthew Forbes,18.3,1848
Matthew Foster Estwick,22.5,-1
Matthew Prentice,23.5,-1
Matthias Bachinger,26.4,139
Mattia Bellucci,23.0,126
Mattias Siimar,21.2,1276
Matwe Middelkoop,30.6,353
Maurice Ruah,28.9,387
Mauricio Doria Medina,20.8,940
Mauricio Echazu,23.5,611
Mauricio Estivariz,21.2,950
Mauricio Hadad,29.0,281
Max Hans Rehberg,19.4,696
Max Mirnyi,26.2,49
Max Purcell,25.1,106
Maxim Bulat,18.1,-1
Maxim Dubarenco,19.8,512
Maxim Shin,20.6,1469
Maxime Authom,25.5,174
Maxime Cressy,25.2,75
Maxime Hamou,20.6,246
Maxime Janvier,23.5,220
Maxime Koffi,15.6,-1
Maxime Teixeira,23.7,229
Maximilian Abel,21.1,240
Maximilian Marterer,24.9,114
Maximo Gonzalez,27.8,121
Maximus Jones,19.3,581
Mazen Osama,19.1,480
Mehdi Bouabbane,18.6,-1
Mehdi Jdi,27.2,1150
Mehdi Tahiri,27.4,590
Mehdi Ziadi,22.3,758
Mehluli Don Ayanda Sibanda,20.0,937
Melle Van Gemerden,26.2,215
Melvin Tong,25.4,1189
Menelaos Efstathiou,22.7,1111
Michael Agwi,20.4,812
Michael Bassem Sobhy,19.0,1326
Michael Berrer,30.1,95
Michael Brown B395,31.2,-1
Michael Chang,29.1,58
Michael Geerts,27.3,275
Michael Hill,25.6,234
Michael Joyce,29.2,265
Michael Kohlmann,28.9,234
Michael Lai,20.5,-1
Michael Lammer,27.2,269
Michael Leong,22.0,1313
Michael Linzer,26.6,310
Michael Llodra,27.5,76
Michael Massih,25.7,-1
Michael Mcclune,21.3,407
Michael Mmoh,23.2,150
Michael Mora,24.3,-1
Michael Quintero,22.6,511
Michael Ray Pallares Gonzalez,23.3,-1
Michael Russell,30.3,104
Michael Ryderstedt,24.2,300
Michael Sell,27.3,167
Michael Tebbutt,30.1,454
Michael Venus,26.2,466
Michael Vrbensky,21.0,311
Michael Yani,29.7,254
Michail Pervolarakis,25.1,441
Michal Mertinak,25.6,217
Michal Przysiezny,27.6,186
Michal Tabara,22.9,103
Michel Koning,23.1,793
Michel Kratochvil,23.0,91
Michel Saade,19.3,-1
Michihisa Onoda,23.6,475
Micke Kontinen,20.4,677
Miguel Angel Este,17.0,1336
Miguel Angel Lopez Jaen,25.4,265
Miguel Angel Reyes Varela,26.4,530
Miguel Gallardo Valles,24.8,332
Miguel Tobon,32.6,900
Miha Gregorc,21.1,579
Mik Ledvonova,21.6,-1
Mikael Tillstrom,28.1,69
Mikael Torpegaard,23.8,597
Mikael Ymer,22.6,126
Mikal Oliver Statham,22.2,788
Mike Bryan,24.3,375
Mike Scheidweiler,22.1,489
Mike Urbanija,25.4,673
Mike Vermeer,18.6,1005
Mikelis Libietis,22.4,894
Mikhail Biryukov,19.4,733
Mikhail Elgin,26.3,395
Mikhail Filima,22.2,807
Mikhail Kukushkin,27.9,85
Mikhail Ledovskikh,22.0,284
Mikhail Youzhny,26.6,42
Mikk Irdoja,17.9,-1
Milen Velev,29.6,510
Miles Maclagan,27.6,451
Mili Poljicak,19.0,509
Miljan Zekic,29.0,327
Milos Raonic,24.7,35
Milos Sekulic,23.9,891
Miloslav Mecir Jr,26.1,220
Min Hyoek Cho,25.6,742
Min Kyu Song,34.0,-1
Minh Quan Do,27.4,1422
Minhtuan Pham,24.7,1578
Minjong Park,16.2,-1
Miomir Kecmanovic,22.5,53
Mirza Basic,26.3,163
Mischa Zverev,26.0,101
Mitchell Krueger,27.2,207
Moez Echargui,29.5,383
Mohamed Mamoun,23.1,710
Mohamed Redha Ouahab,25.5,-1
Mohamed Safwat,27.5,336
Mohamed Wafa,24.4,1138
Mohammad Ghareeb,27.5,616
Mohammed Abdulla,19.6,1349
Mohammed Al Nabhani,23.0,-1
Mohammed Faizal Bin Othman,22.9,-1
Mohammed Fawzy,19.4,-1
Mohammed Nazreen Fuzi Nasruddin,18.6,-1
Mohammed Noor Noordin,20.5,-1
Mohammed Rajan Sundera Karuppiah,20.6,-1
Mohammed Reza Tavakoli,28.2,-1
Mohd Assri Merzuki,19.1,-1
Mohsen Hossein Zade,24.3,1471
Mose Navarra,27.1,286
Mounir El Aarej,27.1,427
Mousa Alkotop,24.5,1594
Mousa Shanan Zayed,19.3,1990
Mubarak Shannan Zayid,23.0,1394
Muhammad Althaf Dhaifullah,17.1,-1
Muhammad Khaliq Siddiq,30.2,1203
Muhammad Shoaib,21.2,-1
Muhd Ashaari Bin Zinal Abidin,17.3,-1
Murad Inoyatov,23.1,666
Murkel Alejandro Dellien Velasco,25.1,643
Musaad Al Jazzaf,18.2,1206
Mustafa Azkara,30.2,760
Mustapha El Natour,18.8,-1
Muzammil Murtaza,21.3,1770
Mykyta Mashtakov,18.0,1558
N Sriram Balaji,32.2,665
N Vijay Sundar Prashanth,28.1,557
Nam Hoang Ly,22.6,622
Naratorn Srichaphan,29.5,-1
Naser Al Obaidly,18.4,-1
Nasser Ghanim Al Khulaifi,28.1,-1
Nathan Anthony Barki,17.8,-1
Nathan Healey,26.0,235
Nathan Pasha,22.0,1187
Navdeep Singh,21.5,817
Nejc Podkrajsek,17.4,-1
Nemanja Kontic,27.9,-1
Nenad Zimonjic,28.7,436
Nerman Fatic,24.1,460
Neville Godwin,26.3,147
Nicholas Campbell,17.5,-1
Nicholas David Ionel,20.3,256
Nicholas Sayer,19.4,-1
Nick Chappell,30.1,466
Nick Hardt,21.6,456
Nick Kyrgios,22.8,43
Nick Lindahl,20.8,254
Nick Van Der Meer,19.4,620
Nick Van Rosberg,20.6,-1
Nicklas Kulti,29.0,205
Nicklas Timfjord,23.3,421
Nickolai Dyachok,20.5,1055
Nicola Kuhn,19.9,250
Nicolaas Scholtz,24.3,563
Nicolae Frunza,20.2,596
Nicolai Budkov Kjaer,17.4,737
Nicolas Almagro,25.2,39
Nicolas Alvarez,22.9,444
Nicolas Alvarez Varona,21.2,249
Nicolas Barrientos,31.3,355
Nicolas Coutelot,25.0,143
Nicolas Devilder,27.8,111
Nicolas Escude,25.6,41
Nicolas Jarry,25.3,91
Nicolas Kicker,25.2,101
Nicolas Kiefer,27.0,49
Nicolas Lapentti,27.3,54
Nicolas Mahut,29.6,92
Nicolas Massu,24.8,61
Nicolas Meister,23.1,625
Nicolas Mejia,22.7,361
Nicolas Moreno De Alboran,26.7,146
Nicolas Renavand,29.2,364
Nicolas Salama,18.8,-1
Nicolas Thomann,30.2,212
Nicolas Todero,23.2,332
Nicolas Xiviller,16.9,-1
Niels Desein,27.0,205
Nigel Badza,19.5,-1
Nik Razborsek,22.0,709
Niki Kaliyanda Poonacha,28.7,795
Niko Karagiannis,28.1,-1
Nikola Cacic,25.6,761
Nikola Mektic,25.9,321
Nikola Milojevic,24.5,206
Nikolai Fidirko,25.2,934
Nikolas Sanchez Izquierdo,25.1,260
Nikolay Davydenko,26.2,28
Nikoloz Basilashvili,27.3,51
Nikoloz Davlianidze,20.1,-1
Nikos Rovas,25.4,722
Nils Langer,23.5,319
Nino Serdarusic,23.5,298
Nishesh Basavareddy,19.6,138
Noah Rubin,21.7,252
Noam Behr,25.7,174
Noam Okun,25.9,174
Nodar Itonishvili,23.9,1265
Nomi Qamar,20.2,-1
Norbert Gombos,28.9,115
Nour Nehme,17.6,-1
Novak Djokovic,27.0,8
Nuno Borges,26.6,74
Nuno Marques,30.0,432
Nuno Matias,24.3,-1
Nutthanon Kadchapanan,20.6,1581
Ognian Kolev,34.7,-1
Oh Hee Kwon,24.2,700
Olaf Pieczkowski,18.4,910
Oleg Ogorodov,29.1,170
Oleksandr Ovcharenko,22.0,398
Oleksii Krutykh,23.4,268
Oliver Anderson,17.6,813
Oliver Freelove,23.7,620
Oliver Golding,18.3,652
Oliver Gross,28.4,169
Oliver Marach,26.1,138
Oliver Ojakaar,19.0,939
Olivier Malcor,25.8,390
Olivier Mutis,25.7,100
Olivier Patience,25.9,130
Olivier Rochus,25.3,64
Olivier Sajous,23.4,641
Omar Awadhy,24.9,992
Omar Hedayet,21.2,1284
Omar Jasika,20.1,408
Omni Kumar,22.0,398
Orel Kimhi,20.4,456
Orest Tereshchuk,21.8,436
Oriol Roca Batalla,26.8,313
Orlando Luz,21.2,411
Orlin Stanoytchev,28.6,110
Oscar Burrieza,25.0,209
Oscar Hernandez,29.1,83
Oscar Ortiz,27.7,626
Oscar Otte,28.6,98
Oscar Posada,17.2,-1
Oscar Rodriguez Sanchez,20.3,857
Oscar Serrano,23.1,178
Osgar Ohoisin,26.6,854
Oskar Saarne,19.9,-1
Ota Fukarek,25.0,133
Otto Virtanen,22.0,217
Ouassel Hared,35.2,-1
Owen Casey,30.7,650
Pablo Andujar,28.9,90
Pablo Bianchi,26.4,412
Pablo Carreno Busta,27.1,51
Pablo Cuevas,29.0,86
Pablo Galdon,25.2,305
Pablo Gonzalez,20.4,537
Pablo Llamas Ruiz,21.2,174
Pablo Nunez,24.0,-1
Pak Long Yeung,24.8,1034
Palaphoom Kovapitukted,18.8,1391
Paolo Lorenzi,33.4,71
Paradorn Srichaphan,24.4,43
Paris Gemouchidis,19.7,787
Pascal Schaul,22.1,-1
Patricio Alvarado,17.4,1222
Patricio Arquez,20.8,266
Patrick Boza,22.9,-1
Patrick Chucri,22.5,1329
Patrick Ciorcila,17.5,589
Patrick Kaukovalta,24.9,782
Patrick Kypson,23.5,259
Patrick Rafter,28.0,13
Patrick Tierro,24.0,1072
Patrik Langvardt,29.8,834
Patrik Niklas Salminen,22.4,551
Patrik Rosenholm,26.7,461
Pau Gerbaud Farras,19.4,-1
Paul Baccanello,24.7,320
Paul Capdeville,25.4,130
Paul Goldstein,27.3,95
Paul Haarhuis,34.3,586
Paul Hanley,27.9,-1
Paul Harsanyi,26.1,1136
Paul Henri Mathieu,26.6,72
Paul Jubb,23.0,301
Paul Kilderry,27.0,300
Paul Logtens,24.6,422
Paulo Carvallo,25.7,797
Pavel Baranov,19.3,-1
Pavel Chekhov,19.2,334
Pavel Katliarov,20.3,977
Pavel Kotov,24.9,93
Pavel Snobel,26.6,224
Pavel Vizner,37.5,-1
Pavol Cervenak,23.8,260
Pedja Krstin,23.5,258
Pedro Braga,28.9,368
Pedro Cachin,27.7,96
Pedro Martinez,25.1,79
Pedro Sakamoto,25.6,389
Pedro Sousa,29.5,211
Peerakiat Siriluethaiwattana,20.5,869
Peit Hein Boekel,26.8,-1
Peng Sun,22.9,528
Pere Riba,23.4,112
Petar Jelenic,22.6,544
Pete Sampras,29.7,7
Peter August Anker,18.6,-1
Peter Bertran,22.1,552
Peter Bothwell,22.3,840
Peter Clarke,22.6,357
Peter Gojowczyk,29.1,100
Peter Handoyo,22.7,690
Peter Luczak,27.9,119
Peter Nagy,24.1,640
Peter Polansky,25.3,215
Peter Torebko,27.5,348
Peter Tramacchi,29.7,1164
Peter Wessels,25.0,145
Petr Kralert,20.9,188
Petr Luxa,30.0,285
Petr Nesterov,21.2,488
Petros Baghdatis,27.9,-1
Petros Chrysochos,21.4,1056
Petros Tsitsipas,21.1,942
Petru Alexandru Luncanu,21.6,384
Pfungwa Mahefu,23.2,-1
Philip Bester,20.7,532
Philip Davydenko,21.2,794
Philip Henning,22.2,705
Philip Hjorth,25.5,880
Philip Riise Hansen,24.8,-1
Philip Sekulic,20.0,316
Philip Wilbert Major,20.9,-1
Philipp Kohlschreiber,28.6,44
Philipp Oswald,26.0,485
Philipp Petzschner,26.1,96
Philippe Grandjean,23.9,-1
Philippos Tsangaridis,18.2,-1
Phillip Harboe,22.5,610
Phillip King,25.3,386
Phillip Simmonds,21.5,446
Photos Kallias,23.9,606
Phuong Van Nguyen,19.0,-1
Piero Demichelli,24.5,-1
Piero Luisi,22.8,710
Pierre Hugues Herbert,27.3,90
Pierre Ludovic Duclos,25.5,308
Potito Starace,27.1,72
Prajnesh Gunneswaran,29.7,146
Prakash Amritraj,22.8,331
Predrag Rusevski,24.3,566
Prima Simpatiaji,23.9,774
Pruchya Isarow,19.5,846
Purav Raja,21.7,907
Puriwat Chatpatcharoen,20.5,727
Quang Huy Ngo,29.9,-1
Quentin Halys,24.8,118
Quinton Vega,27.2,-1
Rabi Bouhassoun,22.4,-1
Rabie Chaki,25.2,444
Rachid Baba Aissa,21.8,-1
Radek Stepanek,29.7,53
Radim Zitko,24.7,416
Radomir Vasek,27.8,470
Radoslav Lukaev,21.8,361
Radoslaw Nijaki,20.9,1000
Radu Albot,29.3,109
Raemon Sluiter,25.6,109
Rafa Orantes,18.8,-1
Rafael Arevalo,24.7,995
Rafael Avalos Brenes,39.0,1164
Rafael Eduardo Gonzalez Retana,18.0,-1
Rafael Nadal,26.1,14
Raimonds Sproga,18.8,-1
Rainer Eitzinger,23.4,257
Rainer Schuettler,28.5,49
Rajeev Rajapakse,29.8,-1
Rajeev Ram,28.2,142
Rameez Junaid,26.8,374
Rami Osman,20.0,-1
Ramin Raziyani,26.3,-1
Ramkumar Ramanathan,23.9,212
Ramon Delgado,27.3,160
Ranjeet Virali Murugesan,27.3,511
Raoul Behr,25.7,-1
Raphael Calzi,25.5,-1
Raphael Collignon,22.6,184
Raphael Durek,18.9,763
Rares Cuzdriorean,25.0,-1
Rasid Winklaar,18.5,1358
Rasmus Norby,22.7,821
Raul Brancaccio,24.0,336
Raul Garcia,20.9,-1
Raven Klaasen,27.3,359
Rayane Roumane,19.0,431
Raymond Sarmiento,27.0,705
Razlan Rawi,20.0,-1
Razvan Sabau,27.4,145
Reda El Amrani,23.7,431
Reginald Willems,22.5,224
Reilly Opelka,23.0,125
Relja Fiser Dulic,25.5,370
Remy Bertola,26.0,286
Rene Busch,28.7,-1
Renzo Furlan,31.3,274
Renzo Olivo,24.9,155
Revaz Osadze,17.5,-1
Rhett Purcell,23.5,922
Rhyne Williams,22.3,160
Ricardas Berankis,26.2,111
Ricardo Chile Fonte,21.5,1096
Ricardo Gonzalez Diaz,24.4,-1
Ricardo Hocevar,24.5,193
Ricardo Mello,26.2,107
Ricardo Mena,33.9,-1
Ricardo Ojeda Lara,25.0,202
Ricardo Rodriguez,22.5,566
Riccardo Bellotti,25.7,204
Riccardo Bonadio,29.6,182
Riccardo Ghedin,25.9,288
Richard Bloomfield,24.5,367
Richard Fromberg,30.2,88
Richard Gasquet,27.0,36
Richard Krajicek,29.6,126
Richey Reneberg,34.3,204
Rigele Te,25.7,548
Rihards Emulins,19.8,-1
Rik De Voest,28.1,175
Rinky Hijikata,22.8,103
Rio Noguchi,23.7,291
Rob Cheyne,26.3,992
Rob Steckley,25.8,639
Robbie Koenig,30.2,-1
Robby Ginepri,23.8,87
Robert Farah,25.0,225
Robert Kendrick,27.7,122
Robert Lindstedt,32.1,-1
Robert Smeets,21.7,238
Robert Strombachs,22.9,500
Robert Yim,18.4,1045
Roberto Bautista Agut,30.0,30
Roberto Carballes Baena,27.8,88
Roberto Carretero,25.1,506
Roberto Cid,23.1,731
Roberto Marcora,30.5,278
Roberto Maytin,18.5,1084
Roberto Ortega Olmedo,25.0,310
Roberto Quiroz,26.8,329
Robin Haase,27.1,76
Robin Kern,18.7,731
Robin Roshardt,19.3,666
Robin Soderling,23.2,35
Robin Vik,26.0,88
Rodolphe Cadart,24.3,280
Rodrigo Arus,21.5,-1
Rodrigo Banzer,19.2,938
Rodrigo Crespo Piedra,20.6,-1
Rodrigo Gabriel,17.7,-1
Rodrigo Pacheco Mendez,18.5,807
Rodrigo Rappaccioli,19.7,-1
Rodrigo Senattore,19.9,1155
Rodrigo Vallejo,27.0,-1
Roey Tabet,19.7,-1
Rogelio Siller,17.7,-1
Roger Federer,27.9,6
Roger Smith,36.4,-1
Rogerio Dutra Silva,31.7,113
Rogier Wassen,25.9,346
Rohan Bopanna,28.0,367
Rok Jarc,20.1,680
Roko Karanusic,24.8,136
Rolandas Murashka,25.2,-1
Rolando Ruel,23.0,-1
Romain Arneodo,23.4,619
Romain Bogaerts,19.6,1149
Romain Jouan,24.3,338
Romain Radwan,29.0,-1
Roman Andres Burruchaga,22.1,161
Roman Borvanov,29.3,304
Roman Hassanov,21.3,707
Roman Margoulis,20.1,-1
Roman Recarte,22.4,763
Roman Safiullin,25.8,88
Roman Valent,26.2,1088
Roman Vogeli,21.3,638
Romano Tatuhey,23.3,-1
Ronald Agenor,35.5,106
Ronaldo Carvalho,25.5,435
Ross Hutchins,23.9,-1
Rouzbeh Kamran,26.4,1661
Rowland Phillips,28.7,1502
Ruan Roelofse,25.9,548
Ruben Bemelmans,27.5,137
Ruben Gonzales,28.6,931
Ruben Ramirez Hidalgo,29.5,95
Ruben Torres,18.9,-1
Rudolf Molleker,19.4,254
Rudolfs Mednis,18.2,1544
Rui Machado,26.2,191
Russell Moseley,29.4,-1
Ryan Harrison,22.5,106
Ryan Henry,18.2,578
Ryan Peniston,26.9,189
Ryan Russell,21.8,860
Ryan Shane,21.3,1410
Ryan Sweeting,22.9,153
Ryler Deheart,25.6,252
Saba Purtseladze,22.4,461
Sacha Thoma,21.6,-1
Saeid Ahmadvand,28.0,-1
Saketh Myneni,28.4,187
Salifu Mohammed,17.2,973
Salvador Andres Bolanos,15.7,-1
Salvador Navarro,25.2,239
Salvatore Caruso,27.4,110
Sam Barry,21.9,509
Sam Groth,27.2,114
Sam Querrey,25.9,50
Sam Riffice,22.4,542
Sam Warburg,24.3,210
Sami Ghorbel,19.1,-1
Samir Iftikhar,22.1,-1
Samir Saadeldin,24.2,-1
Samuel Fumi,20.5,-1
Sanam Singh,24.9,389
Sanchai Ratiwatana,23.9,1157
Sandor Martinez Breijo,21.8,-1
Sandro Ehrat,27.3,517
Sanjar Fayziev,24.3,492
Santiago Fa Rodriguez Taverna,22.8,201
Santiago Giraldo,25.2,78
Santiago Gonzalez,24.4,292
Santiago Maresca,20.3,1531
Santiago Ventura,27.3,129
Sargis Sargsian,29.2,76
Sarp Agabigun,20.6,867
Sarvar Ikramov,23.8,838
Sasa Tuksar,21.7,227
Sascha Kloer,23.7,495
Sasi Kumar Mukund,25.5,331
Satoshi Iwabuchi,29.7,359
Scott Barron,26.1,412
Scott Draper,28.2,217
Scott Griekspoor,27.6,224
Scott Humphries,24.0,644
Scott Lipsky,26.8,1004
Scott Oudsema,19.9,419
Scott Willinsky,29.9,1235
Scoville Jenkins,20.1,325
Sean Cooper,22.2,1274
Sean Karam,33.0,-1
Seanon Williams,23.3,-1
Sebastian Arcila,18.2,-1
Sebastian Baez,22.3,43
Sebastian Decoud,27.2,224
Sebastian Dominguez,17.2,-1
Sebastian Dominko,19.6,1197
Sebastian Fanselow,32.3,316
Sebastian Fitz,24.8,326
Sebastian Korda,22.3,50
Sebastian Moreno,18.2,-1
Sebastian Ofner,26.4,86
Sebastian Prieto,26.9,243
Sebastian Quiros,16.8,1774
Sebastian Rieschick,22.5,537
Sebastien De Chaunac,28.4,229
Sebastien Grosjean,25.4,38
Sebastien Lareau,27.4,127
Sebastien Vidal,22.3,1764
Sebo Kiss,23.6,729
Sekou Bangoura,25.7,313
Selvam Veerasingam,32.1,-1
Seong Chan Hong,24.4,390
Serge Dakessian,21.4,-1
Sergei Bubka,22.9,370
Sergei Cuptov,21.6,-1
Sergei Yaroshenko,27.0,570
Sergey Betov,23.3,447
Sergey Fomin,21.9,562
Sergey Makashin,23.4,-1
Sergi Bruguera,29.9,129
Sergio Galdos,21.9,968
Sergio Gutierrez Ferrol,22.8,488
Sergio Ramirez,19.9,934
Sergio Roitman,27.9,94
Sergio Rojas,16.6,-1
Sergis Kyratzis,17.4,1562
Sergiy Stakhovsky,26.8,90
Serguei Tarasevitch,18.4,1254
Seung Bok Baek,27.7,850
Seung Hoon Lee,21.4,821
Seyed Akbar Taheri Rahaghi,27.2,-1
Shahab Hassani Nafez,27.0,1114
Shahin Khaledan,23.9,1613
Shahzad Khan,17.4,1372
Shan Jiang,20.9,-1
Shane Stone,24.6,1375
Shao Xuan Zeng,25.5,596
Sharmal Dissanayake,19.8,1854
Sheil Kotecha,19.9,1385
Shendrit Deari,20.5,-1
Sherif Sabry,23.0,547
Shintaro Mochizuki,20.0,261
Sho Shimabukuro,25.8,203
Sid Ali Akkal,35.1,-1
Siddharth Vishwakarma,29.9,588
Siim Troost,21.7,1580
Simen Sunde Bratholm,18.3,1408
Simon Aspelin,35.0,-1
Simon Carr,21.0,812
Simon Greul,27.5,86
Simon Larose,24.2,341
Simon Rea,22.3,872
Simon Shen,25.5,1207
Simon Stadler,24.8,198
Simone Bolelli,25.9,85
Simone Vagnozzi,25.7,235
Sina Moghimi,22.6,1086
Siu Fai Kelvin Lam,16.1,-1
Sjeng Schalken,25.7,31
Skander Mansouri,28.0,408
Skyler Butts,24.3,1221
Slah Mbarek,19.1,1832
Slava Dosedel,30.0,70
Slim Hamza,19.6,1602
Slimane Saoudi,31.1,453
Solon Peppas,26.5,269
Somdev Devvarman,26.5,182
Sonchat Ratiwatana,23.1,915
Soon Woo Kwon,23.8,119
Soong Jae Cho,20.1,746
Soren Hess Olesen,26.4,943
Soren Wedege,21.1,-1
Soteris Hadjistyllis,20.7,-1
Soufiane El Mesbahi,17.1,1533
Spencer Newman,23.7,-1
Srinath Prahlad,27.5,385
Stan Wawrinka,28.5,40
Stanislav Bykov,17.8,-1
Stanislav Vovk,19.1,989
Stefan Koubek,27.1,78
Stefan Kozlov,20.7,219
Stefan Wauters,24.0,212
Stefano Cobolli,23.3,400
Stefano Galvani,27.4,140
Stefano Ianni,25.4,559
Stefano Napolitano,26.8,199
Stefano Pescosolido,32.7,139
Stefano Tarallo,24.5,151
Stefano Travaglia,28.4,101
Stefanos Sakellaridis,18.5,706
Stefanos Tsitsipas,22.7,15
Stephane Bohli,25.6,194
Stephane Huet,29.4,123
Stephane Robert,33.5,116
Stephen Nugent,23.2,1290
Steve Darcis,28.7,98
Steve Johnson,27.5,71
Steven Diez,27.7,272
Steven Korteling,21.5,463
Stian Boretti,22.9,664
Strong Kirchheimer,28.8,464
Stylianos Christodoulou,18.2,1280
Suk Young Jeong,18.9,524
Sulaiman Al Rawahi,24.3,-1
Sultan Khalfan,26.2,1190
Sumit Nagal,24.8,159
Sun Yong Kim Jr,18.5,826
Sunil Kumar,16.7,1199
Sunu Wahyu Trijati,22.6,1335
Suwandi Suwandi,25.8,551
Syed Mohd Agil Syed Naguib,22.0,-1
Sylvestre Monnou,19.2,-1
Syrym Abdukhalikov,20.1,717
Tadas Babelis,19.9,1394
Tai Wei Liu,19.0,815
Takahiro Ittogi,16.7,-1
Takahiro Terachi,24.3,348
Takanyi Garanganga,26.3,442
Takao Suzuki,27.6,292
Takuto Niki,27.9,340
Talal Ouahabi,30.5,984
Tallon Griekspoor,26.6,57
Tao Mu,23.3,573
Tapio Nurminen,25.4,336
Taras Demyanekno,18.2,1354
Tarek Ben Soltane,18.4,-1
Taro Daniel,27.1,102
Taso Vasiliadis,28.1,718
Tasuku Iwami,26.0,387
Tatsuma Ito,25.3,121
Taylor Dent,23.7,99
Taylor Fritz,23.3,38
Tegar Abdi Satrio Wibowo,19.5,-1
Temur Ismailov,20.5,661
Tennys Sandgren,28.0,76
Terence Atmane,22.2,145
Terence Nugent,19.1,-1
Tetsuya Chaen,32.9,625
Teymuraz Gabashvili,26.1,90
Thabo Ncube,20.6,-1
Thai Son Kwiatkowski,24.7,402
Thanapet Chanta,24.3,938
Thanasi Kokkinakis,24.1,159
Thehan Sanjaya Wijemanne,16.1,-1
Theo Papamalamis,18.8,721
Theodoros Angelinos,27.6,528
Thiago Agustin Tirante,22.7,135
Thiago Alves,26.3,143
Thiago Monteiro,26.2,100
Thiago Seyboth Wild,22.9,123
Thiemo De Bakker,23.5,139
Thien Nguyen Hoang,20.2,1443
Thierry Ascione,24.8,124
Thierry Guardiola,28.8,136
Thomas Blake,25.9,336
Thomas Drouet,21.7,-1
Thomas Dupre,27.5,274
Thomas Enqvist,28.0,41
Thomas Fabbiano,28.6,114
Thomas Fancutt,25.9,562
Thomas Haug,24.8,-1
Thomas Johansson,29.0,52
Thomas Kromann,23.6,1114
Thomas Larsen,26.1,-1
Thomas Muster,43.6,1020
Thomas Oger,31.4,701
Thomas Schiessling,28.0,774
Thomas Schoorel,22.1,138
Thomas Shimada,27.5,1351
Thomas Yaka Kofi Setodji,28.6,1030
Thomaz Bellucci,25.1,61
Ti Chen,26.2,301
Tiago Godinho,18.0,1274
Tiago Sousa,22.3,963
Tigran Martirosyan,17.8,-1
Tigre Hank,23.4,542
Tihomir Grozdanov,24.5,747
Tilen Zitnik,25.6,1649
Tim Goransson,19.7,898
Tim Henman,28.5,19
Tim Puetz,26.7,228
Tim Smyczek,26.9,140
Tim Van Rijthoven,24.8,194
Timo Fleischfresser,21.3,566
Timo Nieminen,25.6,440
Timofey Skatov,22.3,216
Timothy Neilly,21.0,1132
Titouan Droguet,22.7,164
Tobias Clemens,27.1,250
Tobias Kamke,26.6,98
Tobias Klein,23.2,839
Tobias Summerer,23.1,214
Todd Larkham,28.4,193
Todd Martin,31.8,57
Todd Perry,24.8,484
Todd Reid,19.6,205
Todd Widom,23.9,277
Todd Woodbridge,30.1,190
Todor Enev,23.9,514
Tom Diederich,23.2,-1
Tom Kocevar Desman,27.0,654
Tomas Barrios Vera,24.6,194
Tomas Behrend,28.6,114
Tomas Berdych,25.8,17
Tomas Cakl,24.7,213
Tomas Machac,23.0,77
Tomas Martin Etcheverry,24.1,53
Tomas Tenconi,23.6,199
Tomas Vaise,18.8,-1
Tomas Zib,28.3,107
Tomislav Brkic,25.7,376
Tomislav Jotovski,18.5,1568
Tomislav Peric,23.0,1255
Tomislav Ternar,24.7,720
Tommy Haas,28.8,69
Tommy Paul,24.9,50
Tommy Robredo,25.8,36
Toni Androic,23.2,328
Torsten Popp,22.5,256
Toshihide Matsui,28.2,447
Travis Rettenmaier,22.2,351
Treat Conrad Huey,26.0,952
Trent Bryde,21.9,1164
Trevor Spracklin,24.6,882
Tripp Phillips,26.5,413
Tristan Lamasine,25.0,227
Tristan Schoolkate,22.7,322
Troy Stone,21.8,-1
Tsolak Gevorgyan,26.3,-1
Tsung Hua Yang,20.7,303
Tucker Vorster,27.2,361
Tuna Altuna,21.4,932
Tunde Segodo,18.1,-1
Tung Lin Wu,24.1,224
Tuomas Ketola,27.4,193
Tyler Chin,21.0,-1
Tyler Mayers,19.3,-1
Tzvetan Mihov,19.6,937
Ugo Blanchet,25.3,179
Ugo Humbert,23.7,44
Ugo Nastasi,21.7,1135
Uladzimir Ignatik,20.7,275
Ulises Blanch,22.4,244
Uros Vico,24.0,225
Vaclav Safranek,23.5,223
Vadim Davletshin,20.0,584
Vadim Kutsenko,24.8,194
Vaja Uzakov,20.9,950
Valentin Dimov,20.8,762
Valentin Rahmine,17.4,-1
Valentin Sanon,21.9,737
Valentin Vacherot,24.8,225
Vasek Pospisil,26.1,89
Vasilis Mazarakis,23.0,198
Vasilly Kazhera,18.4,1087
Vasuthevan Ortchuan,26.9,-1
Viacheslav Bielinskyi,19.3,575
Vicente Elberto Anasta,29.4,-1
Victor Baluda,22.0,466
Victor Bruthans,26.2,318
Victor Crivoi,27.4,155
Victor Estrella,33.2,189
Victor Hanescu,27.3,78
Victor Ionita,22.0,229
Victor Ribas,22.6,1327
Victor Romero,26.4,495
Vijayant Malik,22.9,537
Viktor Durasovic,22.7,506
Viktor Filipenko,21.4,794
Viktor Galovic,27.4,282
Viktor Troicki,26.9,53
Vilius Gaubas,18.6,389
Ville Liukko,26.0,270
Vimuktha De Alwis,17.8,-1
Vincent Millot,29.0,192
Vincent Spadea,30.4,61
Vincenzo Santopadre,30.1,192
Vishal Punna,20.0,821
Vishal Uppal,29.1,526
Vishnu Vardhan,23.8,455
Vit Kopriva,25.5,166
Vitaliy Pavlov,21.9,-1
Vitaliy Sachko,25.4,291
Vivek Shokeen,19.5,733
Vladimir Ivanov,26.7,765
Vladimir Obradovic,21.2,775
Vladimir Pavicevic,25.2,405
Vladimir Voltchkov,24.2,115
Vladyslav Manafov,20.5,781
Vladyslav Orlov,28.1,466
Wahib Maknieh,18.5,-1
Wai Yu Kai,18.6,-1
Walid Ahouda,19.9,1077
Walid Jallali,27.0,747
Walter Barahona,28.9,-1
Walter Trusendi,27.5,386
Wan Gao,20.6,1249
Warit Sornbutnark,21.8,1139
Wayne Arthurs,32.0,92
Wayne Black,27.8,210
Wayne Ferreira,30.4,40
Wayne Odesnik,23.7,134
Weerapat Doakmaiklee,21.5,834
Wei Jen Cheng,20.7,1103
Wen Lung Chang,21.2,1371
Werner Eschauer,31.5,107
Wesley Moodie,26.2,114
Wesley Whitehouse,27.2,406
West Nott,25.4,-1
Wilfredo Gonzalez,24.4,1090
Will Farah Lebar,26.6,-1
William Blumberg,24.4,773
William Kirkman,16.1,-1
William Lock,19.2,-1
William Ward,18.0,1425
Wing Luen Wong,21.5,1342
Wishaya Trongcharoenchaikul,22.5,680
Wisnu Adi Nugroho,18.8,1797
Wojciech Marek,19.7,632
Wolfgang Schranz,24.3,318
Woong Sun Jun,20.6,439
Xavier Lawrence,19.1,-1
Xavier Malisse,26.1,65
Xin Gao,20.3,944
Xin Yuan Yu,21.8,558
Y Wang,,-1
Ya Nan Ma,21.6,941
Yan Bai,23.3,392
Yanaki Milev,20.0,502
Yanki Erel,23.0,434
Yann Marti,25.4,375
Yannick Hanfmann,30.4,102
Yannick Maden,28.8,136
Yannick Mertens,23.5,250
Yanquiel Medina Sobrino,19.0,-1
Yaoki Ishii,23.3,252
Yaraslav Shyla,23.8,513
Yari Bernardo,26.2,-1
Yasir Khan,22.7,1797
Yasitha De Silva,23.2,1674
Yassine Dlimi,20.6,710
Yassine Idmbarek,26.1,868
Yassir Kilani,17.6,-1
Yasutaka Uchiyama,27.4,151
Yazan Al Kasim,16.6,-1
Ye Cong Mo,23.2,668
Yen Hsun Lu,28.1,91
Yevgeny Kafelnikov,27.5,9
Yew Ming Si,26.8,1384
Yi Zhou,19.1,670
Yibing Wu,22.3,208
Yohny Romero,27.4,507
Yong Il Yoon,27.4,227
Yong Kyu Lim,20.7,408
Yordan Kanev,21.7,773
Yoshihito Nishioka,25.0,83
Yosuke Watanuki,24.3,182
Younes El Aynaoui,30.8,62
Younes Lalami Laaroussi,22.6,1006
Younes Rachidi,26.1,984
Young Jun Kim,26.4,380
Yousaf Khalil,25.4,-1
Youssef Hossam,19.7,306
Yshai Oliel,21.8,530
Yu Hsiou Hsu,24.4,209
Yu Jr Wang,22.5,555
Yu Zhang,24.6,803
Yuichi Ito,22.1,622
Yuichi Sugita,28.1,112
Yuki Bhambri,23.6,261
Yunseong Chung,24.9,374
Yuri Schukin,28.3,179
Yusuke Takahashi,19.9,262
Yuta Shimizu,22.5,396
Yuttana Charoenphon,22.3,971
Yves Allegro,25.6,348
Zach Dailey,23.2,868
Zachary Svajda,20.7,284
Zack Fleishman,25.6,235
Zbynek Mlynarik,23.4,418
Zdenek Kolar,24.6,152
Ze Zhang,23.7,279
Zeljko Krajan,24.0,160
Zhe Li,29.7,349
Zhizhen Zhang,26.4,102
Zibusiso Ncube,25.5,1217
Zizou Bergs,24.3,128
Zsolt Tatar,20.6,716
Zsombor Piros,22.0,265
Zura Tkemaladze,22.4,708
